source,total,avg_score,negativity_pct,positivity_pct
Al Jazeera,44,-0.71925,75.0,2.272727272727273
France24,46,-0.6953478260869566,71.73913043478261,2.1739130434782608
Middle East Eye,56,-0.6067678571428571,60.71428571428571,0.0
Times of Israel,35,-0.5712285714285715,57.14285714285714,0.0
BBC World,29,-0.4595862068965517,48.275862068965516,3.4482758620689653
Press TV,28,-0.3925714285714286,42.857142857142854,3.571428571428571
TASS,121,-0.2972892561983471,36.36363636363637,6.6115702479338845
Xinhua,20,-0.04995,20.0,15.0
