source,total,avg_score,negativity_pct,positivity_pct
Arab News,10,-0.8994,90.0,0.0
Times of Israel,123,-0.7294227642276422,73.98373983739837,0.8130081300813009
Middle East Eye,191,-0.6644921465968586,67.01570680628272,0.5235602094240838
Al Jazeera,174,-0.5992931034482759,60.91954022988506,0.5747126436781609
Press TV,80,-0.5622125,56.25,0.0
France24,152,-0.5260986842105263,56.57894736842105,3.289473684210526
BBC World,75,-0.38648,40.0,1.3333333333333335
TASS,288,-0.32851736111111113,40.27777777777778,7.291666666666667
Xinhua,20,-0.04995,20.0,15.0
