source,total,avg_score,negativity_pct,positivity_pct
Arab News,10,-0.8994,90.0,0.0
Times of Israel,123,-0.7294227642276422,73.98373983739837,0.8130081300813009
Middle East Eye,193,-0.6576113989637306,66.32124352331607,0.5181347150259068
Al Jazeera,174,-0.5992931034482759,60.91954022988506,0.5747126436781609
Press TV,80,-0.562225,56.25,0.0
France24,151,-0.52958940397351,55.62913907284768,1.9867549668874174
BBC World,77,-0.38942857142857146,40.25974025974026,1.2987012987012987
TASS,288,-0.32851736111111113,40.27777777777778,7.291666666666667
Xinhua,20,-0.04995,20.0,15.0
