source,total,avg_score,negativity_pct,positivity_pct
Arab News,10,-0.8994,90.0,0.0
Times of Israel,137,-0.711992700729927,73.72262773722628,1.4598540145985401
Press TV,81,-0.6663333333333333,66.66666666666666,0.0
Al Jazeera,216,-0.5818148148148148,60.18518518518518,1.8518518518518516
Middle East Eye,217,-0.5710322580645162,60.36866359447005,3.225806451612903
France24,199,-0.40338190954773867,47.23618090452261,6.030150753768844
BBC World,86,-0.3254302325581395,37.2093023255814,4.651162790697675
TASS,334,-0.30221856287425153,39.52095808383233,9.580838323353294
Xinhua,20,-0.04995,20.0,15.0
