source,total,avg_score,negativity_pct,positivity_pct
Arab News,10,-0.8994,90.0,0.0
Times of Israel,134,-0.7130597014925373,73.88059701492537,1.4925373134328357
Press TV,81,-0.7033333333333334,70.37037037037037,0.0
Al Jazeera,196,-0.6412040816326531,65.3061224489796,1.0204081632653061
Middle East Eye,233,-0.6219141630901288,64.8068669527897,2.575107296137339
France24,173,-0.4463294797687861,50.86705202312138,5.202312138728324
TASS,286,-0.32266433566433567,40.20979020979021,8.041958041958042
BBC World,83,-0.30107228915662654,33.734939759036145,3.614457831325301
Xinhua,20,-0.04995,20.0,15.0
