source,total,avg_score,negativity_pct,positivity_pct
Arab News,10,-0.8994,90.0,0.0
Times of Israel,126,-0.699484126984127,71.42857142857143,0.7936507936507936
Press TV,81,-0.6416543209876543,64.19753086419753,0.0
Middle East Eye,189,-0.6398148148148148,66.13756613756614,2.1164021164021163
Al Jazeera,175,-0.6072742857142857,61.71428571428571,0.5714285714285714
France24,159,-0.47676100628930823,52.20125786163522,3.7735849056603774
BBC World,82,-0.35347560975609754,36.58536585365854,1.2195121951219512
TASS,253,-0.30813833992094863,38.3399209486166,7.905138339920949
Xinhua,20,-0.04995,20.0,15.0
