sentiment,count,avg_score
negativo,593,-0.997160202360877
neutral,477,0.0
positivo,39,0.9905641025641025
