sentiment,count,avg_score
negativo,621,-0.9942222222222222
neutral,466,0.0
positivo,42,0.959404761904762
