source,total,avg_score,negativity_pct,positivity_pct
Times of Israel,64,-0.64034375,67.1875,3.125
Middle East Eye,94,-0.6272021276595745,62.76595744680851,0.0
Al Jazeera,78,-0.6235641025641026,65.38461538461539,2.564102564102564
France24,61,-0.6227049180327868,67.21311475409836,4.918032786885246
BBC World,50,-0.52636,54.0,2.0
Press TV,36,-0.3608611111111111,44.44444444444444,8.333333333333332
TASS,161,-0.31449068322981366,37.267080745341616,5.590062111801243
Xinhua,20,-0.04995,20.0,15.0
