sentiment,count,avg_score
negativo,612,-0.995937908496732
neutral,468,0.0
positivo,31,0.9990967741935485
