sentiment,count,avg_score
negativo,644,-0.9973524844720496
neutral,498,0.0
positivo,41,0.9909756097560977
