source,total,avg_score,negativity_pct,positivity_pct
Arab News,10,-0.8994,90.0,0.0
Times of Israel,127,-0.7300708661417322,74.80314960629921,1.574803149606299
Middle East Eye,185,-0.6968324324324323,70.27027027027027,0.5405405405405406
Al Jazeera,168,-0.5790773809523809,58.92857142857143,0.5952380952380952
France24,149,-0.5434093959731544,58.38926174496645,3.3557046979865772
Press TV,77,-0.5062597402597403,53.246753246753244,2.5974025974025974
BBC World,74,-0.44572972972972974,45.94594594594595,1.3513513513513513
TASS,298,-0.3096778523489933,38.92617449664429,7.718120805369128
Xinhua,20,-0.04995,20.0,15.0
