sentiment,count,avg_score
negativo,486,-0.996641975308642
neutral,404,0.0
positivo,36,0.9898611111111111
