sentiment,count,avg_score
negativo,697,-0.9975222381635581
neutral,531,0.0
positivo,43,0.9913488372093023
