source,total,avg_score,negativity_pct,positivity_pct
Arab News,10,-0.8994,90.0,0.0
Times of Israel,127,-0.7208661417322835,74.01574803149606,0.7874015748031495
Press TV,84,-0.6544166666666666,65.47619047619048,0.0
Middle East Eye,212,-0.6316792452830189,65.56603773584906,2.358490566037736
Al Jazeera,184,-0.6083423913043479,61.95652173913043,1.0869565217391304
France24,164,-0.46831707317073173,51.829268292682926,4.2682926829268295
BBC World,83,-0.33718072289156625,34.93975903614458,1.2048192771084338
TASS,255,-0.3122549019607843,39.6078431372549,8.627450980392156
Xinhua,20,-0.04995,20.0,15.0
