source,total,avg_score,negativity_pct,positivity_pct
France24,22,-0.8177727272727272,81.81818181818183,0.0
Middle East Eye,23,-0.6518260869565218,65.21739130434783,0.0
Al Jazeera,25,-0.62628,68.0,4.0
Times of Israel,16,-0.6246875,62.5,0.0
BBC World,20,-0.41645000000000004,45.0,5.0
TASS,40,-0.32480000000000003,40.0,7.5
Press TV,22,-0.22709090909090912,27.27272727272727,4.545454545454546
Xinhua,20,-0.04995,20.0,15.0
