source,total,avg_score,negativity_pct,positivity_pct
Arab News,10,-0.8994,90.0,0.0
Times of Israel,135,-0.7238074074074073,74.81481481481481,2.2222222222222223
Middle East Eye,187,-0.6840106951871657,68.98395721925134,0.53475935828877
Al Jazeera,175,-0.5844571428571429,59.42857142857143,0.5714285714285714
France24,143,-0.5312727272727272,57.34265734265735,3.4965034965034967
Press TV,77,-0.5062727272727272,53.246753246753244,2.5974025974025974
BBC World,78,-0.448474358974359,46.15384615384615,1.282051282051282
TASS,297,-0.3140909090909091,39.05723905723906,7.4074074074074066
Xinhua,20,-0.04995,20.0,15.0
