sentiment,count,avg_score
negativo,721,-0.9923675450762829
neutral,562,0.0
positivo,66,0.9577424242424242
