sentiment,count,avg_score
negativo,620,-0.9958403225806453
neutral,457,0.0
positivo,36,0.9990833333333333
