source,total,avg_score,negativity_pct,positivity_pct
Arab News,10,-0.8994,90.0,0.0
Times of Israel,108,-0.6201018518518518,64.81481481481481,2.7777777777777777
Middle East Eye,151,-0.6088278145695365,60.9271523178808,0.0
Al Jazeera,140,-0.5877714285714285,60.71428571428571,1.4285714285714286
France24,130,-0.5689615384615385,60.76923076923077,3.8461538461538463
BBC World,78,-0.5167692307692308,52.56410256410257,1.282051282051282
Press TV,61,-0.36039344262295087,40.98360655737705,4.918032786885246
TASS,309,-0.31802912621359225,38.51132686084142,6.472491909385113
Xinhua,20,-0.04995,20.0,15.0
