source,total,avg_score,negativity_pct,positivity_pct
France24,22,-0.8177727272727272,81.81818181818183,0.0
Middle East Eye,24,-0.6662916666666666,66.66666666666666,0.0
Al Jazeera,25,-0.62628,68.0,4.0
Times of Israel,17,-0.5879411764705882,58.82352941176471,0.0
BBC World,20,-0.41645000000000004,45.0,5.0
TASS,54,-0.3886481481481482,44.44444444444444,5.555555555555555
Press TV,22,-0.22709090909090912,27.27272727272727,4.545454545454546
Xinhua,20,-0.04995,20.0,15.0
