source,total,avg_score,negativity_pct,positivity_pct
Middle East Eye,101,-0.6331980198019802,63.366336633663366,0.0
Al Jazeera,85,-0.6310117647058824,65.88235294117646,2.3529411764705883
France24,74,-0.6213648648648649,68.91891891891892,6.756756756756757
Times of Israel,70,-0.5997285714285715,62.857142857142854,2.857142857142857
BBC World,56,-0.5413392857142857,55.35714285714286,1.7857142857142856
Press TV,39,-0.38433333333333336,46.15384615384615,7.6923076923076925
TASS,189,-0.31371957671957673,38.095238095238095,6.349206349206349
Xinhua,20,-0.04995,20.0,15.0
