source,total,avg_score,negativity_pct,positivity_pct
Arab News,10,-0.8994,90.0,0.0
Times of Israel,117,-0.6321965811965812,65.8119658119658,2.564102564102564
Middle East Eye,166,-0.6320602409638554,63.25301204819277,0.0
Al Jazeera,151,-0.5846754966887417,60.264900662251655,1.3245033112582782
France24,144,-0.5830902777777778,62.5,4.166666666666666
BBC World,82,-0.4915609756097561,50.0,1.2195121951219512
Press TV,69,-0.4199855072463768,46.3768115942029,4.3478260869565215
TASS,323,-0.33209597523219814,39.628482972136226,6.191950464396285
Xinhua,20,-0.04995,20.0,15.0
