sentiment,count,avg_score
negativo,163,-0.9973865030674848
neutral,145,0.0
positivo,11,0.9687272727272728
