sentiment,count,avg_score
negativo,214,-0.9978457943925233
neutral,182,0.0
positivo,18,0.9806666666666667
