source,total,avg_score,negativity_pct,positivity_pct
Arab News,10,-0.8994,90.0,0.0
Middle East Eye,147,-0.6049931972789115,60.544217687074834,0.0
Times of Israel,101,-0.6037029702970297,63.366336633663366,2.9702970297029703
Al Jazeera,130,-0.602223076923077,62.30769230769231,1.5384615384615385
France24,117,-0.5723760683760684,61.53846153846154,4.273504273504273
BBC World,75,-0.5107866666666666,52.0,1.3333333333333335
Press TV,57,-0.3856842105263158,43.859649122807014,5.263157894736842
TASS,303,-0.3144323432343234,38.28382838283829,6.6006600660066
Xinhua,20,-0.04995,20.0,15.0
