sentiment,count,avg_score
negativo,600,-0.9944716666666666
neutral,464,0.0
positivo,36,0.9620555555555556
