source,total,avg_score,negativity_pct,positivity_pct
Arab News,10,-0.8994,90.0,0.0
Times of Israel,128,-0.65596875,67.96875,2.34375
Middle East Eye,190,-0.6364052631578947,63.68421052631579,0.0
Al Jazeera,168,-0.6028571428571429,61.904761904761905,1.1904761904761905
France24,151,-0.60241059602649,64.23841059602648,3.9735099337748347
BBC World,90,-0.49227777777777776,50.0,1.1111111111111112
Press TV,78,-0.44842307692307687,48.717948717948715,3.8461538461538463
TASS,339,-0.32527433628318586,39.52802359882006,6.784660766961652
Xinhua,20,-0.04995,20.0,15.0
