sentiment,count,avg_score
negativo,665,-0.9979443609022557
neutral,498,0.0
positivo,44,0.9990909090909091
