sentiment,count,avg_score
negativo,551,-0.9969782214156081
neutral,460,0.0
positivo,38,0.9903421052631579
