source,total,avg_score,negativity_pct,positivity_pct
Arab News,10,-0.8994,90.0,0.0
Times of Israel,127,-0.7018425196850394,71.65354330708661,0.7874015748031495
Middle East Eye,190,-0.6364473684210527,65.78947368421053,2.1052631578947367
Press TV,82,-0.6338292682926829,63.41463414634146,0.0
Al Jazeera,174,-0.6050229885057471,61.49425287356321,0.5747126436781609
France24,159,-0.47676100628930823,52.20125786163522,3.7735849056603774
BBC World,82,-0.35347560975609754,36.58536585365854,1.2195121951219512
TASS,253,-0.30813833992094863,38.3399209486166,7.905138339920949
Xinhua,20,-0.04995,20.0,15.0
