sentiment,count,avg_score
negativo,701,-0.9926562054208273
neutral,532,0.0
positivo,57,0.9582105263157895
