source,total,avg_score,negativity_pct,positivity_pct
Arab News,10,-0.8994,90.0,0.0
Times of Israel,135,-0.7238074074074073,74.81481481481481,2.2222222222222223
Middle East Eye,187,-0.6840106951871657,68.98395721925134,0.53475935828877
Al Jazeera,173,-0.5969942196531792,60.69364161849711,0.5780346820809248
France24,144,-0.5345208333333333,57.638888888888886,3.4722222222222223
Press TV,77,-0.5192467532467533,54.54545454545454,2.5974025974025974
BBC World,83,-0.457566265060241,46.98795180722892,1.2048192771084338
TASS,297,-0.31745791245791244,39.39393939393939,7.4074074074074066
Xinhua,20,-0.04995,20.0,15.0
