sentiment,count,avg_score
negativo,369,-0.9966720867208672
neutral,288,0.0
positivo,28,0.9872142857142857
