sentiment,count,avg_score
negativo,148,-0.9972027027027028
neutral,125,0.0
positivo,11,0.9687272727272728
