sentiment,count,avg_score
negativo,586,-0.9971279863481228
neutral,470,0.0
positivo,38,0.9903421052631579
