source,total,avg_score,negativity_pct,positivity_pct
Al Jazeera,39,-0.7345897435897436,76.92307692307693,2.564102564102564
France24,40,-0.6997,70.0,0.0
Middle East Eye,53,-0.6222641509433962,62.264150943396224,0.0
Times of Israel,33,-0.5452727272727272,54.54545454545454,0.0
BBC World,28,-0.476,50.0,3.571428571428571
TASS,115,-0.30412173913043483,36.52173913043478,6.086956521739131
Press TV,24,-0.29141666666666666,33.33333333333333,4.166666666666666
Xinhua,20,-0.04995,20.0,15.0
