sentiment,count,avg_score
negativo,711,-0.9975625879043601
neutral,540,0.0
positivo,44,0.9915227272727273
