sentiment,count,avg_score
negativo,599,-0.9971869782971621
neutral,478,0.0
positivo,39,0.9905641025641025
