sentiment,count,avg_score
negativo,635,-0.9938157480314961
neutral,473,0.0
positivo,42,0.959404761904762
