sentiment,count,avg_score
negativo,616,-0.9954188311688311
neutral,461,0.0
positivo,35,0.9895714285714285
