sentiment,count,avg_score
negativo,540,-0.996925925925926
neutral,459,0.0
positivo,37,0.9901081081081081
