sentiment,count,avg_score
negativo,484,-0.9966301652892563
neutral,402,0.0
positivo,36,0.9898611111111111
