source,total,avg_score,negativity_pct,positivity_pct
Arab News,10,-0.8994,90.0,0.0
Times of Israel,121,-0.6360826446280992,66.11570247933885,2.479338842975207
Middle East Eye,178,-0.6343820224719101,63.48314606741573,0.0
France24,148,-0.5943581081081082,63.51351351351351,4.054054054054054
Al Jazeera,156,-0.5851538461538462,60.256410256410255,1.282051282051282
BBC World,83,-0.48563855421686747,49.39759036144578,1.2048192771084338
Press TV,72,-0.416375,45.83333333333333,4.166666666666666
TASS,328,-0.33313414634146343,39.9390243902439,6.402439024390244
Xinhua,20,-0.04995,20.0,15.0
