sentiment,count,avg_score
negativo,603,-0.9939386401326701
neutral,458,0.0
positivo,37,0.9630540540540541
