source,total,avg_score,negativity_pct,positivity_pct
Times of Israel,61,-0.6554426229508197,67.21311475409836,1.639344262295082
Middle East Eye,92,-0.6408369565217391,64.13043478260869,0.0
Al Jazeera,72,-0.6338750000000001,66.66666666666666,2.7777777777777777
France24,58,-0.6032068965517241,65.51724137931035,5.172413793103448
BBC World,47,-0.4961489361702128,51.06382978723404,2.127659574468085
Press TV,36,-0.3608611111111111,44.44444444444444,8.333333333333332
TASS,149,-0.3196912751677852,37.58389261744966,5.369127516778524
Xinhua,20,-0.04995,20.0,15.0
