sentiment,count,avg_score
negativo,145,-0.9971586206896551
neutral,124,0.0
positivo,11,0.9687272727272728
