sentiment,count,avg_score
negativo,605,-0.994502479338843
neutral,458,0.0
positivo,38,0.9552368421052632
