sentiment,count,avg_score
negativo,615,-0.9958162601626016
neutral,453,0.0
positivo,38,0.9990789473684212
