source,total,avg_score,negativity_pct,positivity_pct
Arab News,10,-0.8994,90.0,0.0
Times of Israel,110,-0.6179090909090909,64.54545454545455,2.727272727272727
Middle East Eye,153,-0.6139411764705883,61.43790849673203,0.0
Al Jazeera,144,-0.5783888888888888,59.72222222222222,1.3888888888888888
France24,132,-0.5754924242424243,61.36363636363637,3.787878787878788
BBC World,79,-0.5102278481012659,51.89873417721519,1.2658227848101267
Press TV,63,-0.36482539682539683,41.269841269841265,4.761904761904762
TASS,313,-0.3235463258785942,38.977635782747605,6.3897763578274756
Xinhua,20,-0.04995,20.0,15.0
