sentiment,count,avg_score
negativo,622,-0.9958488745980707
neutral,460,0.0
positivo,35,0.9990857142857144
