source,total,avg_score,negativity_pct,positivity_pct
Arab News,10,-0.8994,90.0,0.0
Times of Israel,137,-0.711992700729927,73.72262773722628,1.4598540145985401
Press TV,82,-0.6704024390243902,67.07317073170732,0.0
Al Jazeera,219,-0.5875433789954337,60.73059360730594,1.82648401826484
Middle East Eye,225,-0.5773777777777778,60.88888888888889,3.111111111111111
France24,199,-0.40338190954773867,47.23618090452261,6.030150753768844
BBC World,87,-0.32168965517241377,36.7816091954023,4.597701149425287
TASS,338,-0.29864201183431954,39.053254437869825,9.467455621301776
Xinhua,20,-0.04995,20.0,15.0
