sentiment,count,avg_score
negativo,222,-0.997891891891892
neutral,184,0.0
positivo,18,0.9806666666666667
