source,total,avg_score,negativity_pct,positivity_pct
Arab News,10,-0.8994,90.0,0.0
Times of Israel,127,-0.7208661417322835,74.01574803149606,0.7874015748031495
Press TV,83,-0.6502650602409639,65.06024096385542,0.0
Middle East Eye,216,-0.6338611111111111,65.74074074074075,2.314814814814815
Al Jazeera,186,-0.6179193548387096,62.903225806451616,1.0752688172043012
France24,167,-0.4599041916167665,50.898203592814376,4.191616766467066
BBC World,85,-0.3174941176470588,34.11764705882353,2.3529411764705883
TASS,256,-0.31103515625,39.453125,8.59375
Xinhua,20,-0.04995,20.0,15.0
