source,total,avg_score,negativity_pct,positivity_pct
Arab News,10,-0.8994,90.0,0.0
Times of Israel,128,-0.7243671875,75.0,2.34375
Middle East Eye,185,-0.7022216216216216,70.8108108108108,0.5405405405405406
Al Jazeera,171,-0.5689122807017544,57.89473684210527,0.5847953216374269
France24,145,-0.5377379310344828,57.931034482758626,3.4482758620689653
Press TV,76,-0.5129210526315789,53.94736842105263,2.631578947368421
BBC World,72,-0.4303472222222222,44.44444444444444,1.3888888888888888
TASS,291,-0.3102646048109966,38.83161512027492,7.560137457044673
Xinhua,20,-0.04995,20.0,15.0
