source,total,avg_score,negativity_pct,positivity_pct
Arab News,10,-0.8994,90.0,0.0
Times of Israel,141,-0.6734893617021277,69.50354609929079,2.127659574468085
Middle East Eye,223,-0.649780269058296,65.47085201793722,0.4484304932735426
Al Jazeera,192,-0.60559375,61.979166666666664,1.0416666666666665
France24,167,-0.6045568862275449,64.07185628742515,3.592814371257485
BBC World,99,-0.4677272727272727,47.474747474747474,1.0101010101010102
Press TV,87,-0.4594942528735632,49.42528735632184,3.4482758620689653
TASS,356,-0.31535955056179776,38.764044943820224,7.02247191011236
Xinhua,20,-0.04995,20.0,15.0
