source,total,avg_score,negativity_pct,positivity_pct
Al Jazeera,103,-0.6274757281553398,65.0485436893204,1.9417475728155338
Times of Israel,85,-0.6232705882352941,65.88235294117646,3.5294117647058822
Middle East Eye,129,-0.6196976744186047,62.01550387596899,0.0
France24,107,-0.5885046728971962,63.55140186915887,4.672897196261682
BBC World,64,-0.5205,53.125,1.5625
Press TV,46,-0.3910217391304348,45.65217391304348,6.521739130434782
TASS,273,-0.31238095238095237,38.095238095238095,6.593406593406594
Xinhua,20,-0.04995,20.0,15.0
