source,total,avg_score,negativity_pct,positivity_pct
Arab News,10,-0.8994,90.0,0.0
Times of Israel,135,-0.6589925925925926,68.14814814814815,2.2222222222222223
Middle East Eye,217,-0.6493271889400921,65.43778801843318,0.4608294930875576
Al Jazeera,176,-0.6095284090909091,62.5,1.1363636363636365
France24,154,-0.6036623376623377,64.28571428571429,3.896103896103896
BBC World,98,-0.46229591836734696,46.93877551020408,1.0204081632653061
Press TV,82,-0.45093902439024386,48.78048780487805,3.6585365853658534
TASS,352,-0.3161022727272727,38.63636363636363,6.8181818181818175
Xinhua,20,-0.04995,20.0,15.0
