source,total,avg_score,negativity_pct,positivity_pct
Middle East Eye,105,-0.6471523809523809,64.76190476190476,0.0
Al Jazeera,88,-0.6322159090909091,65.9090909090909,2.272727272727273
France24,76,-0.6313026315789474,69.73684210526315,6.578947368421052
Times of Israel,71,-0.6053661971830986,63.38028169014085,2.8169014084507045
BBC World,59,-0.5307457627118644,54.23728813559322,1.694915254237288
Press TV,41,-0.4143170731707317,48.78048780487805,7.317073170731707
TASS,205,-0.3233560975609756,38.53658536585366,5.853658536585367
Xinhua,20,-0.04995,20.0,15.0
