source,total,avg_score,negativity_pct,positivity_pct
Arab News,10,-0.8994,90.0,0.0
Times of Israel,125,-0.7004,72.0,0.8
Press TV,83,-0.6743373493975904,67.46987951807229,0.0
Middle East Eye,201,-0.646363184079602,66.66666666666666,1.9900497512437811
Al Jazeera,179,-0.6141675977653631,62.56983240223464,1.1173184357541899
France24,163,-0.47119018404907975,52.14723926380368,4.294478527607362
BBC World,85,-0.3292470588235294,34.11764705882353,1.1764705882352942
TASS,254,-0.3069251968503937,38.582677165354326,8.267716535433072
Xinhua,20,-0.04995,20.0,15.0
