sentiment,count,avg_score
negativo,716,-0.9923170391061453
neutral,561,0.0
positivo,66,0.9577424242424242
