sentiment,count,avg_score
negativo,656,-0.9973948170731708
neutral,508,0.0
positivo,41,0.9909756097560977
