sentiment,count,avg_score
negativo,642,-0.9938769470404983
neutral,471,0.0
positivo,42,0.959404761904762
