sentiment,count,avg_score
negativo,658,-0.993127659574468
neutral,478,0.0
positivo,44,0.9612272727272727
