sentiment,count,avg_score
negativo,528,-0.9968693181818181
neutral,450,0.0
positivo,37,0.9901081081081081
