source,total,avg_score,negativity_pct,positivity_pct
Arab News,10,-0.8994,90.0,0.0
Times of Israel,140,-0.7039142857142857,72.85714285714285,1.4285714285714286
Press TV,81,-0.703358024691358,70.37037037037037,0.0
Middle East Eye,240,-0.6037666666666667,62.916666666666664,2.5
Al Jazeera,214,-0.6012757009345795,62.149532710280376,1.8691588785046727
France24,187,-0.42358823529411765,48.663101604278076,5.347593582887701
TASS,309,-0.31697087378640776,40.45307443365696,9.06148867313916
BBC World,89,-0.28077528089887643,32.58426966292135,4.49438202247191
Xinhua,20,-0.04995,20.0,15.0
