source,total,avg_score,negativity_pct,positivity_pct
Al Jazeera,62,-0.6716612903225807,70.96774193548387,3.225806451612903
Times of Israel,51,-0.6467450980392158,64.70588235294117,0.0
France24,53,-0.622377358490566,67.9245283018868,5.660377358490567
Middle East Eye,76,-0.618,61.8421052631579,0.0
BBC World,42,-0.4838333333333334,50.0,2.380952380952381
Press TV,34,-0.4408529411764706,47.05882352941176,2.941176470588235
TASS,136,-0.3086029411764706,36.76470588235294,5.88235294117647
Xinhua,20,-0.04995,20.0,15.0
