sentiment,count,avg_score
negativo,728,-0.9976085164835164
neutral,543,0.0
positivo,45,0.9916888888888888
