source,total,avg_score,negativity_pct,positivity_pct
Times of Israel,78,-0.6279358974358974,65.38461538461539,2.564102564102564
Middle East Eye,111,-0.6211711711711712,62.16216216216216,0.0
Al Jazeera,93,-0.6197311827956989,64.51612903225806,2.1505376344086025
France24,89,-0.5952471910112359,65.1685393258427,5.617977528089887
BBC World,62,-0.5211774193548387,53.2258064516129,1.6129032258064515
Press TV,41,-0.4143170731707317,48.78048780487805,7.317073170731707
TASS,239,-0.3233640167364017,38.49372384937239,5.857740585774058
Xinhua,20,-0.04995,20.0,15.0
