sentiment,count,avg_score
negativo,317,-0.9972870662460568
neutral,248,0.0
positivo,24,0.9852500000000001
