source,total,avg_score,negativity_pct,positivity_pct
Al Jazeera,63,-0.661,69.84126984126983,3.1746031746031744
Times of Israel,53,-0.6600754716981132,66.0377358490566,0.0
France24,55,-0.6179272727272727,67.27272727272727,5.454545454545454
Middle East Eye,81,-0.6045185185185186,60.49382716049383,0.0
BBC World,43,-0.4958139534883721,51.162790697674424,2.3255813953488373
Press TV,34,-0.4408529411764706,47.05882352941176,2.941176470588235
TASS,137,-0.30635036496350365,36.496350364963504,5.839416058394161
Xinhua,20,-0.04995,20.0,15.0
