source,total,avg_score,negativity_pct,positivity_pct
Times of Israel,127,-0.7070866141732284,72.44094488188976,0.7874015748031495
Press TV,83,-0.662301204819277,66.26506024096386,0.0
Middle East Eye,190,-0.6469631578947369,66.84210526315789,2.1052631578947367
Al Jazeera,175,-0.6110800000000001,62.28571428571429,1.1428571428571428
France24,163,-0.47732515337423315,52.14723926380368,3.6809815950920246
BBC World,84,-0.3450714285714286,35.714285714285715,1.1904761904761905
TASS,256,-0.30453125,38.28125,8.203125
Xinhua,20,-0.04995,20.0,15.0
