sentiment,count,avg_score
negativo,664,-0.9974171686746988
neutral,512,0.0
positivo,42,0.9911666666666666
