source,total,avg_score,negativity_pct,positivity_pct
Arab News,10,-0.8994,90.0,0.0
Times of Israel,126,-0.6994920634920635,71.42857142857143,0.7936507936507936
Middle East Eye,192,-0.6402239583333333,66.14583333333334,2.083333333333333
Press TV,82,-0.6094512195121952,60.97560975609756,0.0
Al Jazeera,175,-0.6072857142857143,61.71428571428571,0.5714285714285714
France24,160,-0.47378125000000004,51.87500000000001,3.75
BBC World,80,-0.362325,37.5,1.25
TASS,256,-0.31103125,38.671875,7.8125
Xinhua,20,-0.04995,20.0,15.0
