source,total,avg_score,negativity_pct,positivity_pct
Times of Israel,57,-0.6313157894736842,64.91228070175438,1.7543859649122806
Al Jazeera,71,-0.6287323943661972,66.19718309859155,2.8169014084507045
France24,56,-0.6247499999999999,67.85714285714286,5.357142857142857
Middle East Eye,88,-0.6245454545454545,62.5,0.0
BBC World,45,-0.4737777777777778,48.888888888888886,2.2222222222222223
Press TV,34,-0.4408529411764706,47.05882352941176,2.941176470588235
TASS,143,-0.3261118881118881,38.46153846153847,5.594405594405594
Xinhua,20,-0.04995,20.0,15.0
