sentiment,count,avg_score
negativo,289,-0.997076124567474
neutral,229,0.0
positivo,21,0.9832857142857143
