source,total,avg_score,negativity_pct,positivity_pct
Arab News,10,-0.8994,90.0,0.0
Times of Israel,135,-0.7163925925925926,74.07407407407408,2.2222222222222223
Middle East Eye,192,-0.687015625,69.27083333333334,0.5208333333333333
Al Jazeera,176,-0.5887215909090909,60.22727272727273,1.1363636363636365
Press TV,79,-0.5313924050632911,55.69620253164557,2.5316455696202533
France24,147,-0.5100204081632653,57.14285714285714,5.442176870748299
BBC World,83,-0.457566265060241,46.98795180722892,1.2048192771084338
TASS,281,-0.3248683274021352,40.213523131672595,7.473309608540925
Xinhua,20,-0.04995,20.0,15.0
