sentiment,count,avg_score
negativo,684,-0.9974809941520468
neutral,525,0.0
positivo,43,0.9913488372093023
