source,total,avg_score,negativity_pct,positivity_pct
Arab News,10,-0.8994,90.0,0.0
Times of Israel,102,-0.607578431372549,63.725490196078425,2.941176470588235
Middle East Eye,147,-0.6049931972789115,60.544217687074834,0.0
Al Jazeera,132,-0.5930984848484848,61.36363636363637,1.5151515151515151
France24,117,-0.5723760683760684,61.53846153846154,4.273504273504273
BBC World,75,-0.5107866666666666,52.0,1.3333333333333335
Press TV,58,-0.3790344827586207,43.103448275862064,5.172413793103448
TASS,305,-0.3156491803278688,38.36065573770492,6.557377049180328
Xinhua,20,-0.04995,20.0,15.0
