sentiment,count,avg_score
negativo,470,-0.9972553191489362
neutral,384,0.0
positivo,36,0.9898611111111111
