sentiment,count,avg_score
negativo,479,-0.9965970772442588
neutral,396,0.0
positivo,36,0.9898611111111111
