sentiment,count,avg_score
negativo,643,-0.9973499222395024
neutral,498,0.0
positivo,41,0.9909756097560977
