sentiment,count,avg_score
negativo,698,-0.9926375358166188
neutral,511,0.0
positivo,53,0.9613962264150944
