source,total,avg_score,negativity_pct,positivity_pct
Arab News,10,-0.8994,90.0,0.0
Times of Israel,126,-0.72,74.60317460317461,2.380952380952381
Middle East Eye,184,-0.6897554347826087,69.56521739130434,0.5434782608695652
Al Jazeera,171,-0.5747602339181287,58.47953216374269,0.5847953216374269
France24,148,-0.5335878378378378,57.432432432432435,3.3783783783783785
Press TV,77,-0.5062597402597403,53.246753246753244,2.5974025974025974
BBC World,71,-0.43640845070422535,45.07042253521127,1.4084507042253522
TASS,289,-0.3124117647058824,39.10034602076124,7.612456747404845
Xinhua,20,-0.04995,20.0,15.0
