sentiment,count,avg_score
negativo,188,-0.9976382978723405
neutral,166,0.0
positivo,13,0.9735384615384616
