source,total,avg_score,negativity_pct,positivity_pct
Arab News,10,-0.8994,90.0,0.0
Al Jazeera,126,-0.6134126984126984,63.49206349206349,1.5873015873015872
Times of Israel,94,-0.6061276595744681,63.829787234042556,3.1914893617021276
Middle East Eye,147,-0.6049931972789115,60.544217687074834,0.0
France24,112,-0.5800803571428571,62.5,4.464285714285714
BBC World,72,-0.5181944444444445,52.77777777777778,1.3888888888888888
Press TV,53,-0.35824528301886793,41.509433962264154,5.660377358490567
TASS,288,-0.32039930555555557,38.88888888888889,6.597222222222222
Xinhua,20,-0.04995,20.0,15.0
