source,total,avg_score,negativity_pct,positivity_pct
Arab News,10,-0.8994,90.0,0.0
Times of Israel,136,-0.7258308823529411,75.0,2.2058823529411766
Middle East Eye,189,-0.682063492063492,68.78306878306879,0.5291005291005291
Al Jazeera,177,-0.5891581920903955,60.451977401129945,1.1299435028248588
France24,146,-0.5203561643835616,57.534246575342465,4.794520547945205
Press TV,77,-0.5192467532467533,54.54545454545454,2.5974025974025974
BBC World,83,-0.457566265060241,46.98795180722892,1.2048192771084338
TASS,297,-0.31072727272727274,38.72053872053872,7.4074074074074066
Xinhua,20,-0.04995,20.0,15.0
