source,total,avg_score,negativity_pct,positivity_pct
Arab News,10,-0.8994,90.0,0.0
Times of Israel,137,-0.7205328467153285,74.45255474452554,2.18978102189781
Middle East Eye,191,-0.6853821989528796,69.10994764397905,0.5235602094240838
Al Jazeera,179,-0.5881620111731843,60.33519553072626,1.1173184357541899
Press TV,79,-0.5313924050632911,55.69620253164557,2.5316455696202533
France24,147,-0.5168163265306122,57.14285714285714,4.761904761904762
BBC World,83,-0.457566265060241,46.98795180722892,1.2048192771084338
TASS,297,-0.31072727272727274,38.72053872053872,7.4074074074074066
Xinhua,20,-0.04995,20.0,15.0
