sentiment,count,avg_score
negativo,205,-0.9977804878048779
neutral,179,0.0
positivo,18,0.9806666666666667
