source,total,avg_score,negativity_pct,positivity_pct
Arab News,10,-0.8994,90.0,0.0
Times of Israel,127,-0.6985905511811024,71.65354330708661,1.574803149606299
Middle East Eye,199,-0.6578643216080402,66.83417085427136,1.0050251256281406
Al Jazeera,178,-0.6138932584269663,62.35955056179775,0.5617977528089888
Press TV,82,-0.5729024390243903,57.3170731707317,0.0
France24,156,-0.5110192307692307,53.84615384615385,1.9230769230769231
BBC World,72,-0.40258333333333335,41.66666666666667,1.3888888888888888
TASS,261,-0.3267777777777778,40.61302681992337,8.045977011494253
Xinhua,20,-0.04995,20.0,15.0
