source,total,avg_score,negativity_pct,positivity_pct
Arab News,10,-0.8994,90.0,0.0
Times of Israel,123,-0.6419918699186992,66.66666666666666,2.4390243902439024
Middle East Eye,183,-0.6279726775956284,62.841530054644814,0.0
France24,151,-0.60241059602649,64.23841059602648,3.9735099337748347
Al Jazeera,159,-0.5866792452830188,60.37735849056604,1.257861635220126
BBC World,84,-0.47985714285714287,48.80952380952381,1.1904761904761905
Press TV,75,-0.42636,46.666666666666664,4.0
TASS,332,-0.33514156626506025,40.06024096385542,6.325301204819277
Xinhua,20,-0.04995,20.0,15.0
