source,total,avg_score,negativity_pct,positivity_pct
Arab News,10,-0.8994,90.0,0.0
Times of Israel,113,-0.6280353982300886,65.48672566371681,2.6548672566371683
Middle East Eye,157,-0.6237515923566879,62.42038216560509,0.0
France24,139,-0.5752877697841727,61.87050359712231,4.316546762589928
Al Jazeera,145,-0.5744,59.310344827586206,1.3793103448275863
BBC World,80,-0.50385,51.24999999999999,1.25
Press TV,67,-0.40270149253731347,44.776119402985074,4.477611940298507
TASS,320,-0.325840625,39.0625,6.25
Xinhua,20,-0.04995,20.0,15.0
