sentiment,count,avg_score
negativo,727,-0.992423658872077
neutral,564,0.0
positivo,66,0.9577424242424242
