sentiment,count,avg_score
negativo,669,-0.9923512705530644
neutral,488,0.0
positivo,47,0.9636808510638297
