source,total,avg_score,negativity_pct,positivity_pct
Arab News,10,-0.8994,90.0,0.0
Times of Israel,140,-0.7068642857142857,72.85714285714285,2.142857142857143
Middle East Eye,194,-0.6696288659793814,67.5257731958763,0.5154639175257731
Al Jazeera,180,-0.5978444444444444,61.111111111111114,1.1111111111111112
Press TV,81,-0.5552716049382717,58.0246913580247,2.4691358024691357
France24,145,-0.5400275862068966,60.0,5.517241379310345
BBC World,78,-0.4612435897435897,47.43589743589743,1.282051282051282
TASS,290,-0.3147620689655173,38.96551724137931,7.241379310344828
Xinhua,20,-0.04995,20.0,15.0
