source,total,avg_score,negativity_pct,positivity_pct
Arab News,10,-0.8994,90.0,0.0
Times of Israel,124,-0.7141129032258065,73.38709677419355,0.8064516129032258
Press TV,84,-0.6663095238095238,66.66666666666666,0.0
Middle East Eye,210,-0.6281761904761904,65.23809523809524,2.380952380952381
Al Jazeera,183,-0.6116666666666667,62.295081967213115,1.092896174863388
France24,165,-0.4775939393939394,52.72727272727272,4.242424242424243
BBC World,83,-0.33718072289156625,34.93975903614458,1.2048192771084338
TASS,258,-0.3008798449612403,38.759689922480625,8.914728682170542
Xinhua,20,-0.04995,20.0,15.0
