source,total,avg_score,negativity_pct,positivity_pct
Arab News,10,-0.8994,90.0,0.0
Times of Israel,125,-0.733752,75.2,1.6
Middle East Eye,184,-0.6843315217391305,69.02173913043478,0.5434782608695652
Al Jazeera,166,-0.5920783132530121,60.24096385542169,0.6024096385542169
France24,149,-0.5434026845637584,58.38926174496645,3.3557046979865772
Press TV,78,-0.5125769230769232,53.84615384615385,2.564102564102564
BBC World,74,-0.4592432432432433,47.2972972972973,1.3513513513513513
TASS,300,-0.31205333333333335,39.0,7.666666666666666
Xinhua,20,-0.04995,20.0,15.0
