sentiment,count,avg_score
negativo,359,-0.9965905292479109
neutral,278,0.0
positivo,28,0.9872142857142857
