sentiment,count,avg_score
negativo,259,-0.9980965250965251
neutral,212,0.0
positivo,19,0.9816315789473684
