source,total,avg_score,negativity_pct,positivity_pct
Arab News,10,-0.8994,90.0,0.0
Times of Israel,131,-0.6562137404580153,67.93893129770993,2.2900763358778624
Middle East Eye,209,-0.6550622009569378,65.55023923444976,0.0
Al Jazeera,174,-0.6107873563218391,62.643678160919535,1.1494252873563218
France24,151,-0.60241059602649,64.23841059602648,3.9735099337748347
BBC World,95,-0.4663684210526316,47.368421052631575,1.0526315789473684
Press TV,78,-0.44842307692307687,48.717948717948715,3.8461538461538463
TASS,350,-0.31790857142857143,38.857142857142854,6.857142857142858
Xinhua,20,-0.04995,20.0,15.0
