source,total,avg_score,negativity_pct,positivity_pct
Arab News,10,-0.8994,90.0,0.0
Times of Israel,104,-0.6151153846153846,64.42307692307693,2.8846153846153846
Middle East Eye,148,-0.6009054054054054,60.13513513513513,0.0
Al Jazeera,133,-0.5961578947368421,61.65413533834586,1.5037593984962405
France24,117,-0.5723760683760684,61.53846153846154,4.273504273504273
BBC World,77,-0.5105064935064935,51.94805194805194,1.2987012987012987
Press TV,59,-0.3726101694915255,42.3728813559322,5.084745762711865
TASS,307,-0.3135928338762215,38.11074918566775,6.514657980456026
Xinhua,20,-0.04995,20.0,15.0
