sentiment,count,avg_score
negativo,614,-0.9952687296416939
neutral,453,0.0
positivo,38,0.9990789473684212
