sentiment,count,avg_score
negativo,655,-0.9973908396946566
neutral,504,0.0
positivo,41,0.9909756097560977
