sentiment,count,avg_score
negativo,598,-0.994453177257525
neutral,461,0.0
positivo,36,0.9620555555555556
