source,total,avg_score,negativity_pct,positivity_pct
Arab News,10,-0.8994,90.0,0.0
Times of Israel,149,-0.6843020134228188,70.46979865771812,2.013422818791946
Middle East Eye,227,-0.651533039647577,65.63876651982379,0.4405286343612335
France24,168,-0.6069107142857143,64.28571428571429,3.571428571428571
Al Jazeera,197,-0.6003654822335026,61.92893401015228,1.5228426395939088
BBC World,100,-0.47304999999999997,48.0,1.0
Press TV,89,-0.47162921348314607,50.56179775280899,3.3707865168539324
TASS,356,-0.31535955056179776,38.764044943820224,7.02247191011236
Xinhua,20,-0.04995,20.0,15.0
