sentiment,count,avg_score
negativo,533,-0.9968949343339588
neutral,451,0.0
positivo,37,0.9901081081081081
