source,total,avg_score,negativity_pct,positivity_pct
Arab News,10,-0.8994,90.0,0.0
Times of Israel,131,-0.721763358778626,74.04580152671755,0.7633587786259541
Press TV,82,-0.6703902439024391,67.07317073170732,0.0
Middle East Eye,223,-0.6363721973094171,65.91928251121077,2.242152466367713
Al Jazeera,191,-0.6265968586387435,63.87434554973822,1.0471204188481675
France24,167,-0.47186826347305394,52.09580838323353,4.191616766467066
BBC World,85,-0.3174941176470588,34.11764705882353,2.3529411764705883
TASS,259,-0.31,39.38223938223938,8.494208494208493
Xinhua,20,-0.04995,20.0,15.0
