source,total,avg_score,negativity_pct,positivity_pct
Arab News,10,-0.8994,90.0,0.0
Times of Israel,123,-0.7294227642276422,73.98373983739837,0.8130081300813009
Middle East Eye,190,-0.6679842105263158,67.36842105263158,0.5263157894736842
Al Jazeera,171,-0.6039766081871345,61.40350877192983,0.5847953216374269
Press TV,80,-0.5747,57.49999999999999,0.0
France24,153,-0.5357254901960784,57.51633986928104,3.2679738562091507
BBC World,71,-0.40825352112676055,42.25352112676056,1.4084507042253522
TASS,291,-0.3285601374570447,40.549828178694156,7.560137457044673
Xinhua,20,-0.04995,20.0,15.0
