source,total,avg_score,negativity_pct,positivity_pct
Arab News,10,-0.8994,90.0,0.0
Times of Israel,133,-0.6613834586466165,68.42105263157895,2.2556390977443606
Middle East Eye,213,-0.6474507042253521,65.25821596244131,0.4694835680751174
Al Jazeera,175,-0.6130114285714285,62.857142857142854,1.1428571428571428
France24,153,-0.6076078431372549,64.70588235294117,3.9215686274509802
BBC World,95,-0.4663684210526316,47.368421052631575,1.0526315789473684
Press TV,80,-0.44971249999999996,48.75,3.75
TASS,351,-0.31700284900284903,38.74643874643874,6.837606837606838
Xinhua,20,-0.04995,20.0,15.0
