sentiment,count,avg_score
negativo,623,-0.995314606741573
neutral,460,0.0
positivo,38,0.9990789473684212
