sentiment,count,avg_score
negativo,301,-0.9971760797342192
neutral,240,0.0
positivo,23,0.9846521739130434
