sentiment,count,avg_score
negativo,619,-0.9972617124394183
neutral,488,0.0
positivo,41,0.9909756097560977
