sentiment,count,avg_score
negativo,602,-0.9939285714285715
neutral,460,0.0
positivo,37,0.9630540540540541
