sentiment,count,avg_score
negativo,617,-0.9952820097244733
neutral,463,0.0
positivo,38,0.9990789473684212
