source,total,avg_score,negativity_pct,positivity_pct
Arab News,10,-0.8994,90.0,0.0
Times of Israel,129,-0.6987209302325582,72.09302325581395,1.550387596899225
Middle East Eye,192,-0.6454322916666667,66.14583333333334,1.5625
Al Jazeera,176,-0.6095227272727273,61.93181818181818,0.5681818181818182
Press TV,81,-0.6046419753086419,60.49382716049383,0.0
France24,158,-0.4903164556962025,52.53164556962025,2.5316455696202533
BBC World,76,-0.36824999999999997,38.15789473684211,1.3157894736842104
TASS,252,-0.3344722222222222,40.476190476190474,7.142857142857142
Xinhua,20,-0.04995,20.0,15.0
