source,total,avg_score,negativity_pct,positivity_pct
Al Jazeera,46,-0.7097173913043477,73.91304347826086,2.1739130434782608
France24,47,-0.6805531914893617,70.2127659574468,2.127659574468085
Middle East Eye,58,-0.6202931034482758,62.06896551724138,0.0
Times of Israel,37,-0.5673783783783785,56.75675675675676,0.0
BBC World,29,-0.4595862068965517,48.275862068965516,3.4482758620689653
Press TV,30,-0.433,46.666666666666664,3.3333333333333335
TASS,121,-0.2972892561983471,36.36363636363637,6.6115702479338845
Xinhua,20,-0.04995,20.0,15.0
