sentiment,count,avg_score
negativo,454,-0.9971806167400882
neutral,371,0.0
positivo,36,0.9898611111111111
