source,total,avg_score,negativity_pct,positivity_pct
Arab News,10,-0.8994,90.0,0.0
Times of Israel,143,-0.7170769230769231,74.12587412587412,1.3986013986013985
Press TV,85,-0.6937882352941177,69.41176470588235,0.0
Al Jazeera,222,-0.5976126126126126,61.711711711711715,1.8018018018018018
Middle East Eye,239,-0.5937531380753138,61.92468619246861,2.510460251046025
France24,195,-0.4198717948717949,48.717948717948715,5.641025641025641
TASS,328,-0.3047012195121951,39.9390243902439,9.75609756097561
BBC World,89,-0.3032359550561798,34.831460674157306,4.49438202247191
Xinhua,20,-0.04995,20.0,15.0
