source,total,avg_score,negativity_pct,positivity_pct
Arab News,10,-0.8994,90.0,0.0
Times of Israel,138,-0.6953985507246377,71.73913043478261,2.1739130434782608
Middle East Eye,208,-0.6533846153846153,65.86538461538461,0.4807692307692308
Al Jazeera,177,-0.6023389830508474,61.5819209039548,1.1299435028248588
France24,152,-0.5502434210526316,60.526315789473685,5.263157894736842
Press TV,76,-0.5260131578947368,55.26315789473685,2.631578947368421
BBC World,83,-0.4936867469879518,49.39759036144578,0.0
TASS,311,-0.30636977491961415,38.263665594855304,7.395498392282958
Xinhua,20,-0.04995,20.0,15.0
