sentiment,count,avg_score
negativo,330,-0.9963515151515151
neutral,257,0.0
positivo,27,0.9867777777777778
