sentiment,count,avg_score
negativo,622,-0.9953102893890675
neutral,462,0.0
positivo,38,0.9990789473684212
