source,total,avg_score,negativity_pct,positivity_pct
Arab News,10,-0.8994,90.0,0.0
Times of Israel,125,-0.647712,67.2,2.4
Middle East Eye,183,-0.6279726775956284,62.841530054644814,0.0
France24,151,-0.60241059602649,64.23841059602648,3.9735099337748347
Al Jazeera,159,-0.5866792452830188,60.37735849056604,1.257861635220126
BBC World,84,-0.47985714285714287,48.80952380952381,1.1904761904761905
Press TV,75,-0.42636,46.666666666666664,4.0
TASS,335,-0.3261761194029851,39.701492537313435,6.865671641791045
Xinhua,20,-0.04995,20.0,15.0
