sentiment,count,avg_score
negativo,715,-0.9923174825174824
neutral,542,0.0
positivo,62,0.961516129032258
