source,total,avg_score,negativity_pct,positivity_pct
Times of Israel,86,-0.6276395348837209,66.27906976744185,3.488372093023256
Al Jazeera,110,-0.614809090909091,63.63636363636363,1.8181818181818181
Middle East Eye,132,-0.613189393939394,61.36363636363637,0.0
France24,107,-0.5885046728971962,63.55140186915887,4.672897196261682
BBC World,64,-0.5205,53.125,1.5625
Press TV,46,-0.3910217391304348,45.65217391304348,6.521739130434782
TASS,275,-0.31737454545454546,38.54545454545455,6.545454545454546
Xinhua,20,-0.04995,20.0,15.0
