source,total,avg_score,negativity_pct,positivity_pct
Arab News,10,-0.8994,90.0,0.0
Times of Israel,124,-0.7060483870967742,72.58064516129032,0.8064516129032258
Press TV,83,-0.6743373493975904,67.46987951807229,0.0
Middle East Eye,208,-0.6294134615384616,65.38461538461539,2.403846153846154
Al Jazeera,179,-0.6141675977653631,62.56983240223464,1.1173184357541899
France24,165,-0.4775939393939394,52.72727272727272,4.242424242424243
BBC World,84,-0.33316666666666667,34.523809523809526,1.1904761904761905
TASS,256,-0.29672265625,38.28125,8.984375
Xinhua,20,-0.04995,20.0,15.0
