source,total,avg_score,negativity_pct,positivity_pct
Arab News,10,-0.8994,90.0,0.0
Times of Israel,128,-0.65596875,67.96875,2.34375
Middle East Eye,194,-0.6387371134020619,63.91752577319587,0.0
Al Jazeera,169,-0.605207100591716,62.1301775147929,1.183431952662722
France24,151,-0.60241059602649,64.23841059602648,3.9735099337748347
BBC World,90,-0.49227777777777776,50.0,1.1111111111111112
Press TV,78,-0.44842307692307687,48.717948717948715,3.8461538461538463
TASS,342,-0.32242105263157894,39.1812865497076,6.725146198830409
Xinhua,20,-0.04995,20.0,15.0
