source,total,avg_score,negativity_pct,positivity_pct
Arab News,10,-0.8994,90.0,0.0
Times of Israel,136,-0.7129705882352941,73.52941176470588,2.2058823529411766
Middle East Eye,206,-0.6597233009708737,66.50485436893204,0.48543689320388345
Al Jazeera,180,-0.59785,61.111111111111114,1.1111111111111112
France24,151,-0.5516754966887417,60.9271523178808,5.298013245033113
Press TV,79,-0.5440126582278481,56.9620253164557,2.5316455696202533
BBC World,78,-0.49969230769230766,50.0,0.0
TASS,305,-0.30911475409836064,38.36065573770492,7.213114754098362
Xinhua,20,-0.04995,20.0,15.0
