source,total,avg_score,negativity_pct,positivity_pct
Arab News,10,-0.8994,90.0,0.0
Middle East Eye,147,-0.6049931972789115,60.544217687074834,0.0
Times of Israel,101,-0.6037029702970297,63.366336633663366,2.9702970297029703
Al Jazeera,130,-0.602223076923077,62.30769230769231,1.5384615384615385
France24,115,-0.5823304347826087,62.60869565217392,4.3478260869565215
BBC World,75,-0.5107866666666666,52.0,1.3333333333333335
Press TV,55,-0.3815454545454545,43.63636363636363,5.454545454545454
TASS,299,-0.31529431438127087,38.46153846153847,6.688963210702341
Xinhua,20,-0.04995,20.0,15.0
