sentiment,count,avg_score
negativo,251,-0.9980557768924303
neutral,205,0.0
positivo,18,0.9806666666666667
