sentiment,count,avg_score
negativo,160,-0.9973562499999999
neutral,144,0.0
positivo,11,0.9687272727272728
