sentiment,count,avg_score
negativo,476,-0.997281512605042
neutral,392,0.0
positivo,36,0.9898611111111111
