sentiment,count,avg_score
negativo,628,-0.993751592356688
neutral,466,0.0
positivo,41,0.9584390243902439
