sentiment,count,avg_score
negativo,617,-0.9941896272285251
neutral,464,0.0
positivo,39,0.9563589743589744
