sentiment,count,avg_score
negativo,623,-0.9972776886035313
neutral,488,0.0
positivo,41,0.9909756097560977
