source,total,avg_score,negativity_pct,positivity_pct
Arab News,10,-0.8994,90.0,0.0
Times of Israel,135,-0.6589925925925926,68.14814814814815,2.2222222222222223
Middle East Eye,216,-0.6523333333333333,65.74074074074075,0.4629629629629629
Al Jazeera,176,-0.6095284090909091,62.5,1.1363636363636365
France24,154,-0.6036623376623377,64.28571428571429,3.896103896103896
BBC World,96,-0.46151041666666665,46.875,1.0416666666666665
Press TV,81,-0.4565061728395061,49.382716049382715,3.7037037037037033
TASS,352,-0.3161022727272727,38.63636363636363,6.8181818181818175
Xinhua,20,-0.04995,20.0,15.0
