source,total,avg_score,negativity_pct,positivity_pct
Arab News,10,-0.8994,90.0,0.0
Times of Israel,131,-0.721763358778626,74.04580152671755,0.7633587786259541
Press TV,82,-0.6825731707317073,68.29268292682927,0.0
Middle East Eye,228,-0.6355614035087719,66.22807017543859,2.631578947368421
Al Jazeera,193,-0.6304611398963731,64.24870466321244,1.0362694300518136
France24,170,-0.46941764705882355,51.76470588235295,4.117647058823529
TASS,269,-0.30962453531598516,39.405204460966544,8.550185873605948
BBC World,84,-0.29747619047619045,33.33333333333333,3.571428571428571
Xinhua,20,-0.04995,20.0,15.0
