source,total,avg_score,negativity_pct,positivity_pct
Arab News,10,-0.8994,90.0,0.0
Times of Israel,121,-0.6360826446280992,66.11570247933885,2.479338842975207
Middle East Eye,177,-0.6323220338983051,63.2768361581921,0.0
France24,146,-0.5888013698630137,63.013698630136986,4.10958904109589
Al Jazeera,155,-0.5824774193548388,60.0,1.2903225806451613
BBC World,83,-0.48563855421686747,49.39759036144578,1.2048192771084338
Press TV,72,-0.416375,45.83333333333333,4.166666666666666
TASS,325,-0.33005538461538464,39.69230769230769,6.461538461538462
Xinhua,20,-0.04995,20.0,15.0
