sentiment,count,avg_score
negativo,524,-0.9968454198473282
neutral,446,0.0
positivo,37,0.9901081081081081
