sentiment,count,avg_score
negativo,611,-0.9963387888707038
neutral,471,0.0
positivo,31,0.9990967741935485
