source,total,avg_score,negativity_pct,positivity_pct
Arab News,10,-0.8994,90.0,0.0
Al Jazeera,129,-0.6068914728682171,62.7906976744186,1.550387596899225
Middle East Eye,147,-0.6049931972789115,60.544217687074834,0.0
Times of Israel,101,-0.6037029702970297,63.366336633663366,2.9702970297029703
France24,114,-0.5874385964912281,63.1578947368421,4.385964912280701
BBC World,75,-0.5107866666666666,52.0,1.3333333333333335
Press TV,54,-0.3701111111111111,42.592592592592595,5.555555555555555
TASS,299,-0.31529431438127087,38.46153846153847,6.688963210702341
Xinhua,20,-0.04995,20.0,15.0
