source,total,avg_score,negativity_pct,positivity_pct
Arab News,10,-0.8994,90.0,0.0
Times of Israel,134,-0.7217537313432836,74.6268656716418,2.2388059701492535
Middle East Eye,187,-0.6840106951871657,68.98395721925134,0.53475935828877
Al Jazeera,174,-0.5705919540229886,58.04597701149425,0.5747126436781609
France24,144,-0.5345277777777777,57.638888888888886,3.4722222222222223
Press TV,77,-0.5062727272727272,53.246753246753244,2.5974025974025974
BBC World,77,-0.4542987012987013,46.75324675324675,1.2987012987012987
TASS,295,-0.30944745762711867,38.64406779661017,7.457627118644068
Xinhua,20,-0.04995,20.0,15.0
