sentiment,count,avg_score
negativo,609,-0.9952348111658456
neutral,451,0.0
positivo,38,0.9990789473684212
