source,total,avg_score,negativity_pct,positivity_pct
Arab News,10,-0.8994,90.0,0.0
Times of Israel,127,-0.7222047244094488,74.80314960629921,2.3622047244094486
Middle East Eye,188,-0.6963404255319149,70.2127659574468,0.5319148936170213
Al Jazeera,171,-0.5806023391812866,59.06432748538012,0.5847953216374269
France24,147,-0.5372108843537415,57.82312925170068,3.4013605442176873
Press TV,77,-0.5062597402597403,53.246753246753244,2.5974025974025974
BBC World,73,-0.43815068493150683,45.20547945205479,1.36986301369863
TASS,293,-0.3115597269624574,39.249146757679185,7.849829351535837
Xinhua,20,-0.04995,20.0,15.0
