source,total,avg_score,negativity_pct,positivity_pct
Arab News,10,-0.8994,90.0,0.0
Times of Israel,140,-0.7110428571428572,73.57142857142858,1.4285714285714286
Press TV,83,-0.6984578313253013,69.87951807228916,0.0
Al Jazeera,221,-0.6093619909502263,62.89592760180995,1.809954751131222
Middle East Eye,237,-0.594548523206751,62.0253164556962,2.5316455696202533
France24,189,-0.41733333333333333,48.67724867724868,5.82010582010582
TASS,328,-0.30469817073170735,39.9390243902439,9.75609756097561
BBC World,89,-0.28077528089887643,32.58426966292135,4.49438202247191
Xinhua,20,-0.04995,20.0,15.0
