sentiment,count,avg_score
negativo,600,-0.9944749999999999
neutral,465,0.0
positivo,36,0.9713333333333334
