source,total,avg_score,negativity_pct,positivity_pct
Arab News,10,-0.8994,90.0,0.0
Times of Israel,125,-0.647712,67.2,2.4
Middle East Eye,186,-0.6339731182795699,63.44086021505376,0.0
France24,151,-0.60241059602649,64.23841059602648,3.9735099337748347
Al Jazeera,165,-0.5956424242424243,61.212121212121204,1.2121212121212122
BBC World,86,-0.4919302325581395,50.0,1.1627906976744187
Press TV,77,-0.44125974025974024,48.05194805194805,3.896103896103896
TASS,336,-0.32817857142857143,39.88095238095239,6.845238095238096
Xinhua,20,-0.04995,20.0,15.0
