sentiment,count,avg_score
negativo,562,-0.9970320284697509
neutral,462,0.0
positivo,38,0.9903421052631579
