source,total,avg_score,negativity_pct,positivity_pct
Middle East Eye,108,-0.6291759259259259,62.96296296296296,0.0
Al Jazeera,92,-0.6264673913043478,65.21739130434783,2.1739130434782608
Times of Israel,75,-0.6264,65.33333333333333,2.666666666666667
France24,86,-0.6160116279069767,67.44186046511628,5.813953488372093
BBC World,61,-0.513344262295082,52.459016393442624,1.639344262295082
Press TV,41,-0.4143170731707317,48.78048780487805,7.317073170731707
TASS,239,-0.3233640167364017,38.49372384937239,5.857740585774058
Xinhua,20,-0.04995,20.0,15.0
