source,total,avg_score,negativity_pct,positivity_pct
Arab News,10,-0.8994,90.0,0.0
Times of Israel,129,-0.7006666666666667,72.09302325581395,1.550387596899225
Middle East Eye,194,-0.6490824742268041,66.49484536082474,1.5463917525773196
Al Jazeera,176,-0.6095170454545454,61.93181818181818,0.5681818181818182
Press TV,80,-0.5997125,60.0,0.0
France24,158,-0.5108670886075949,54.43037974683544,2.5316455696202533
BBC World,76,-0.3813947368421053,39.473684210526315,1.3157894736842104
TASS,269,-0.32448698884758365,40.14869888475837,7.806691449814126
Xinhua,20,-0.04995,20.0,15.0
