sentiment,count,avg_score
negativo,678,-0.9974631268436578
neutral,523,0.0
positivo,43,0.9913488372093023
