sentiment,count,avg_score
negativo,614,-0.9958094462540718
neutral,450,0.0
positivo,37,0.9990810810810811
