source,total,avg_score,negativity_pct,positivity_pct
Arab News,10,-0.8994,90.0,0.0
Al Jazeera,127,-0.6085826771653544,62.99212598425197,1.574803149606299
Middle East Eye,147,-0.6049931972789115,60.544217687074834,0.0
Times of Israel,96,-0.6039166666666667,63.541666666666664,3.125
France24,112,-0.5800803571428571,62.5,4.464285714285714
BBC World,72,-0.5181944444444445,52.77777777777778,1.3888888888888888
Press TV,53,-0.35824528301886793,41.509433962264154,5.660377358490567
TASS,289,-0.32274740484429065,39.10034602076124,6.5743944636678195
Xinhua,20,-0.04995,20.0,15.0
