sentiment,count,avg_score
negativo,237,-0.9979831223628691
neutral,193,0.0
positivo,18,0.9806666666666667
