sentiment,count,avg_score
negativo,630,-0.9937714285714286
neutral,468,0.0
positivo,41,0.9584390243902439
