sentiment,count,avg_score
negativo,652,-0.993069018404908
neutral,474,0.0
positivo,42,0.959404761904762
