source,total,avg_score,negativity_pct,positivity_pct
Arab News,10,-0.8994,90.0,0.0
Times of Israel,134,-0.7130671641791045,73.88059701492537,1.4925373134328357
Press TV,82,-0.7069390243902439,70.73170731707317,0.0
Al Jazeera,198,-0.6246313131313131,64.14141414141415,1.5151515151515151
Middle East Eye,235,-0.6208680851063829,64.68085106382979,2.553191489361702
France24,175,-0.44694285714285714,50.857142857142854,5.142857142857142
TASS,291,-0.3239862542955326,40.20618556701031,7.903780068728522
BBC World,86,-0.29056976744186047,33.72093023255814,4.651162790697675
Xinhua,20,-0.04995,20.0,15.0
