source,total,avg_score,negativity_pct,positivity_pct
France24,45,-0.733,73.33333333333333,0.0
Al Jazeera,43,-0.7127441860465116,74.4186046511628,2.3255813953488373
Middle East Eye,55,-0.5996363636363636,60.0,0.0
Times of Israel,35,-0.5712285714285715,57.14285714285714,0.0
BBC World,29,-0.4595862068965517,48.275862068965516,3.4482758620689653
Press TV,27,-0.3700740740740741,40.74074074074074,3.7037037037037033
TASS,117,-0.29892307692307696,35.8974358974359,5.982905982905983
Xinhua,20,-0.04995,20.0,15.0
