source,total,avg_score,negativity_pct,positivity_pct
Arab News,10,-0.8994,90.0,0.0
Al Jazeera,126,-0.6134126984126984,63.49206349206349,1.5873015873015872
Times of Israel,94,-0.6061276595744681,63.829787234042556,3.1914893617021276
Middle East Eye,146,-0.6022945205479452,60.273972602739725,0.0
France24,110,-0.5815363636363636,62.727272727272734,4.545454545454546
BBC World,70,-0.5187142857142858,52.85714285714286,1.4285714285714286
Press TV,53,-0.35824528301886793,41.509433962264154,5.660377358490567
TASS,286,-0.3191433566433567,38.81118881118881,6.643356643356643
Xinhua,20,-0.04995,20.0,15.0
