source,total,avg_score,negativity_pct,positivity_pct
Arab News,10,-0.8994,90.0,0.0
Times of Israel,129,-0.6586356589147286,68.21705426356588,2.3255813953488373
Middle East Eye,198,-0.640979797979798,64.14141414141415,0.0
Al Jazeera,170,-0.6075235294117647,62.35294117647059,1.1764705882352942
France24,151,-0.60241059602649,64.23841059602648,3.9735099337748347
BBC World,91,-0.4868681318681319,49.45054945054945,1.098901098901099
Press TV,78,-0.44842307692307687,48.717948717948715,3.8461538461538463
TASS,344,-0.32345348837209303,39.24418604651162,6.686046511627906
Xinhua,20,-0.04995,20.0,15.0
