source,total,avg_score,negativity_pct,positivity_pct
Al Jazeera,62,-0.6716612903225807,70.96774193548387,3.225806451612903
Times of Israel,52,-0.6535384615384616,65.38461538461539,0.0
Middle East Eye,77,-0.6229480519480519,62.33766233766234,0.0
France24,53,-0.622377358490566,67.9245283018868,5.660377358490567
BBC World,42,-0.4838333333333334,50.0,2.380952380952381
Press TV,34,-0.4408529411764706,47.05882352941176,2.941176470588235
TASS,137,-0.30635036496350365,36.496350364963504,5.839416058394161
Xinhua,20,-0.04995,20.0,15.0
