sentiment,count,avg_score
negativo,286,-0.9970489510489511
neutral,228,0.0
positivo,21,0.9832857142857143
