sentiment,count,avg_score
negativo,630,-0.9958841269841271
neutral,433,0.0
positivo,39,0.9990512820512821
