source,total,avg_score,negativity_pct,positivity_pct
Arab News,10,-0.8994,90.0,0.0
Times of Israel,121,-0.6360826446280992,66.11570247933885,2.479338842975207
Middle East Eye,181,-0.6238674033149172,62.430939226519335,0.0
France24,149,-0.5970805369127516,63.758389261744966,4.026845637583892
Al Jazeera,158,-0.5840696202531646,60.12658227848101,1.2658227848101267
BBC World,83,-0.48563855421686747,49.39759036144578,1.2048192771084338
Press TV,74,-0.41862162162162164,45.94594594594595,4.054054054054054
TASS,329,-0.335161094224924,40.121580547112465,6.382978723404255
Xinhua,20,-0.04995,20.0,15.0
