sentiment,count,avg_score
negativo,614,-0.9972410423452769
neutral,487,0.0
positivo,41,0.9909756097560977
