sentiment,count,avg_score
negativo,618,-0.9958349514563107
neutral,452,0.0
positivo,38,0.9990789473684212
