source,total,avg_score,negativity_pct,positivity_pct
Arab News,10,-0.8994,90.0,0.0
Times of Israel,104,-0.6151153846153846,64.42307692307693,2.8846153846153846
Middle East Eye,149,-0.6035838926174496,60.40268456375839,0.0
Al Jazeera,137,-0.586051094890511,60.58394160583942,1.4598540145985401
France24,119,-0.5711596638655463,61.34453781512605,4.201680672268908
BBC World,78,-0.5167692307692308,52.56410256410257,1.282051282051282
Press TV,60,-0.3664,41.66666666666667,5.0
TASS,308,-0.31581818181818183,38.311688311688314,6.493506493506493
Xinhua,20,-0.04995,20.0,15.0
