sentiment,count,avg_score
negativo,649,-0.9973713405238829
neutral,501,0.0
positivo,41,0.9909756097560977
