sentiment,count,avg_score
negativo,632,-0.9958987341772152
neutral,450,0.0
positivo,41,0.9990487804878049
