sentiment,count,avg_score
negativo,624,-0.9937147435897435
neutral,464,0.0
positivo,42,0.959404761904762
