sentiment,count,avg_score
negativo,434,-0.997078341013825
neutral,358,0.0
positivo,35,0.9895714285714285
