source,total,avg_score,negativity_pct,positivity_pct
France24,39,-0.7176410256410256,71.7948717948718,0.0
Al Jazeera,33,-0.6864848484848485,72.72727272727273,3.0303030303030303
Middle East Eye,50,-0.61964,62.0,0.0
Times of Israel,29,-0.5515517241379311,55.172413793103445,0.0
BBC World,27,-0.45662962962962966,48.148148148148145,3.7037037037037033
TASS,94,-0.34020212765957447,39.361702127659576,5.319148936170213
Press TV,23,-0.26065217391304346,30.434782608695656,4.3478260869565215
Xinhua,20,-0.04995,20.0,15.0
