source,total,avg_score,negativity_pct,positivity_pct
Arab News,10,-0.8994,90.0,0.0
Times of Israel,137,-0.712036496350365,73.72262773722628,1.4598540145985401
Press TV,81,-0.7033456790123457,70.37037037037037,0.0
Al Jazeera,211,-0.614568720379147,63.507109004739334,1.8957345971563981
Middle East Eye,236,-0.6013008474576271,62.71186440677966,2.5423728813559325
France24,175,-0.4412171428571428,49.714285714285715,4.571428571428571
TASS,305,-0.31785573770491804,40.65573770491803,9.180327868852459
BBC World,89,-0.28077528089887643,32.58426966292135,4.49438202247191
Xinhua,20,-0.04995,20.0,15.0
