sentiment,count,avg_score
negativo,177,-0.9975254237288136
neutral,162,0.0
positivo,13,0.9735384615384616
