source,total,avg_score,negativity_pct,positivity_pct
Arab News,10,-0.8994,90.0,0.0
Times of Israel,127,-0.7300708661417322,74.01574803149606,0.7874015748031495
Middle East Eye,196,-0.6526377551020408,65.81632653061224,0.5102040816326531
Al Jazeera,176,-0.603840909090909,61.36363636363637,0.5681818181818182
Press TV,78,-0.551025641025641,55.12820512820513,0.0
France24,157,-0.507764331210191,53.503184713375795,1.910828025477707
BBC World,74,-0.3917027027027027,40.54054054054054,1.3513513513513513
TASS,279,-0.3224086021505376,39.784946236559136,7.526881720430108
Xinhua,20,-0.04995,20.0,15.0
