sentiment,count,avg_score
negativo,647,-0.996870170015456
neutral,473,0.0
positivo,41,0.9990975609756098
