source,total,avg_score,negativity_pct,positivity_pct
Arab News,10,-0.8994,90.0,0.0
Times of Israel,132,-0.6588181818181819,68.18181818181817,2.272727272727273
Middle East Eye,211,-0.6488530805687203,65.40284360189574,0.47393364928909953
Al Jazeera,174,-0.6107873563218391,62.643678160919535,1.1494252873563218
France24,152,-0.6050263157894736,64.47368421052632,3.9473684210526314
BBC World,95,-0.4663684210526316,47.368421052631575,1.0526315789473684
Press TV,80,-0.44971249999999996,48.75,3.75
TASS,351,-0.31700284900284903,38.74643874643874,6.837606837606838
Xinhua,20,-0.04995,20.0,15.0
