source,total,avg_score,negativity_pct,positivity_pct
Arab News,10,-0.8994,90.0,0.0
Times of Israel,135,-0.7238,74.81481481481481,2.2222222222222223
Middle East Eye,187,-0.6840106951871657,68.98395721925134,0.53475935828877
Al Jazeera,174,-0.5705919540229886,58.04597701149425,0.5747126436781609
France24,144,-0.5345277777777777,57.638888888888886,3.4722222222222223
Press TV,77,-0.5062727272727272,53.246753246753244,2.5974025974025974
BBC World,78,-0.448474358974359,46.15384615384615,1.282051282051282
TASS,296,-0.30840202702702707,38.513513513513516,7.4324324324324325
Xinhua,20,-0.04995,20.0,15.0
