source,total,avg_score,negativity_pct,positivity_pct
Arab News,10,-0.8994,90.0,0.0
Times of Israel,138,-0.6663985507246376,68.84057971014492,2.1739130434782608
Middle East Eye,217,-0.6493271889400921,65.43778801843318,0.4608294930875576
France24,157,-0.6048598726114649,64.3312101910828,3.821656050955414
Al Jazeera,186,-0.6036290322580645,61.82795698924731,1.0752688172043012
Press TV,84,-0.46401190476190474,50.0,3.571428571428571
BBC World,98,-0.46229591836734696,46.93877551020408,1.0204081632653061
TASS,354,-0.31996327683615816,38.983050847457626,6.779661016949152
Xinhua,20,-0.04995,20.0,15.0
