sentiment,count,avg_score
negativo,179,-0.9975474860335196
neutral,165,0.0
positivo,13,0.9735384615384616
