source,total,avg_score,negativity_pct,positivity_pct
Arab News,10,-0.8994,90.0,0.0
Times of Israel,144,-0.7259791666666666,75.0,1.3888888888888888
Press TV,86,-0.674093023255814,67.44186046511628,0.0
Al Jazeera,219,-0.5966757990867579,61.64383561643836,1.82648401826484
Middle East Eye,236,-0.588593220338983,61.440677966101696,2.5423728813559325
France24,198,-0.4185555555555555,48.484848484848484,5.555555555555555
BBC World,94,-0.34025531914893614,38.297872340425535,4.25531914893617
TASS,336,-0.30637202380952383,39.58333333333333,9.226190476190476
Xinhua,20,-0.04995,20.0,15.0
