source,total,avg_score,negativity_pct,positivity_pct
Arab News,10,-0.8994,90.0,0.0
Times of Israel,121,-0.7167107438016529,73.55371900826447,1.6528925619834711
Middle East Eye,186,-0.6716021505376344,67.74193548387096,0.5376344086021506
Al Jazeera,171,-0.5922923976608186,60.23391812865497,0.5847953216374269
Press TV,80,-0.5747,57.49999999999999,0.0
France24,151,-0.5494503311258278,58.94039735099338,3.3112582781456954
BBC World,74,-0.43222972972972973,44.5945945945946,1.3513513513513513
TASS,300,-0.32537,40.33333333333333,7.666666666666666
Xinhua,20,-0.04995,20.0,15.0
