source,total,avg_score,negativity_pct,positivity_pct
Al Jazeera,101,-0.63,65.34653465346535,1.9801980198019802
Middle East Eye,129,-0.6196976744186047,62.01550387596899,0.0
Times of Israel,83,-0.6142048192771085,65.06024096385542,3.614457831325301
France24,107,-0.5885046728971962,63.55140186915887,4.672897196261682
BBC World,64,-0.5205,53.125,1.5625
Press TV,46,-0.3910217391304348,45.65217391304348,6.521739130434782
TASS,267,-0.3156591760299626,38.20224719101123,6.367041198501873
Xinhua,20,-0.04995,20.0,15.0
