source,total,avg_score,negativity_pct,positivity_pct
Times of Israel,127,-0.6992125984251968,71.65354330708661,0.7874015748031495
Press TV,82,-0.6703780487804878,67.07317073170732,0.0
Middle East Eye,192,-0.6558385416666667,67.70833333333334,2.083333333333333
Al Jazeera,176,-0.613284090909091,62.5,1.1363636363636365
France24,163,-0.47732515337423315,52.14723926380368,3.6809815950920246
BBC World,85,-0.34101176470588235,35.294117647058826,1.1764705882352942
TASS,255,-0.3057254901960784,38.43137254901961,8.235294117647058
Xinhua,20,-0.04995,20.0,15.0
