sentiment,count,avg_score
negativo,502,-0.9967250996015936
neutral,430,0.0
positivo,37,0.9901081081081081
