source,total,avg_score,negativity_pct,positivity_pct
Times of Israel,126,-0.699484126984127,71.42857142857143,0.7936507936507936
Press TV,82,-0.6460121951219512,64.63414634146342,0.0
Middle East Eye,188,-0.643218085106383,66.48936170212765,2.127659574468085
Al Jazeera,172,-0.6062441860465116,61.627906976744185,0.5813953488372093
France24,159,-0.47676100628930823,52.20125786163522,3.7735849056603774
BBC World,84,-0.3569523809523809,36.904761904761905,1.1904761904761905
TASS,252,-0.30936111111111114,38.492063492063494,7.936507936507936
Xinhua,20,-0.04995,20.0,15.0
