sentiment,count,avg_score
negativo,639,-0.9973364632237872
neutral,494,0.0
positivo,41,0.9909756097560977
