sentiment,count,avg_score
negativo,701,-0.9926547788873038
neutral,535,0.0
positivo,57,0.9582105263157895
