source,total,avg_score,negativity_pct,positivity_pct
France24,35,-0.7425428571428572,74.28571428571429,0.0
Middle East Eye,40,-0.6996249999999999,70.0,0.0
Al Jazeera,30,-0.6885,73.33333333333333,3.3333333333333335
Times of Israel,25,-0.5598000000000001,56.00000000000001,0.0
BBC World,27,-0.45662962962962966,48.148148148148145,3.7037037037037033
TASS,81,-0.3331358024691358,39.50617283950617,6.172839506172839
Press TV,22,-0.22709090909090912,27.27272727272727,4.545454545454546
Xinhua,20,-0.04995,20.0,15.0
