sentiment,count,avg_score
negativo,614,-0.9952622149837134
neutral,462,0.0
positivo,38,0.9990789473684212
