sentiment,count,avg_score
negativo,429,-0.9970512820512821
neutral,354,0.0
positivo,34,0.9892941176470589
