source,total,avg_score,negativity_pct,positivity_pct
Arab News,10,-0.8994,90.0,0.0
Times of Israel,124,-0.7316129032258064,75.0,1.6129032258064515
Middle East Eye,183,-0.6826120218579236,68.85245901639344,0.546448087431694
Al Jazeera,167,-0.5945149700598803,60.47904191616767,0.5988023952095809
Press TV,80,-0.549725,56.25,1.25
France24,148,-0.5470743243243243,58.78378378378378,3.3783783783783785
BBC World,73,-0.43815068493150683,45.20547945205479,1.36986301369863
TASS,296,-0.31289189189189187,39.189189189189186,7.77027027027027
Xinhua,20,-0.04995,20.0,15.0
