source,total,avg_score,negativity_pct,positivity_pct
Al Jazeera,101,-0.63,65.34653465346535,1.9801980198019802
Times of Israel,81,-0.6293703703703704,65.4320987654321,2.4691358024691357
Middle East Eye,126,-0.6265158730158731,62.698412698412696,0.0
France24,105,-0.5902,63.8095238095238,4.761904761904762
BBC World,64,-0.5205,53.125,1.5625
Press TV,44,-0.38606818181818175,45.45454545454545,6.8181818181818175
TASS,267,-0.3156591760299626,38.20224719101123,6.367041198501873
Xinhua,20,-0.04995,20.0,15.0
