sentiment,count,avg_score
negativo,603,-0.9944908789386401
neutral,459,0.0
positivo,38,0.9552368421052632
