source,total,avg_score,negativity_pct,positivity_pct
Arab News,10,-0.8994,90.0,0.0
Times of Israel,128,-0.7041796875,72.65625,1.5625
Middle East Eye,193,-0.6369119170984455,65.28497409326425,1.5544041450777202
Al Jazeera,175,-0.6130057142857143,62.28571428571429,0.5714285714285714
Press TV,81,-0.6046419753086419,60.49382716049383,0.0
France24,157,-0.4870764331210191,52.22929936305732,2.547770700636943
BBC World,76,-0.36824999999999997,38.15789473684211,1.3157894736842104
TASS,244,-0.3331516393442623,40.57377049180328,7.377049180327869
Xinhua,20,-0.04995,20.0,15.0
