sentiment,count,avg_score
negativo,189,-0.9976455026455027
neutral,169,0.0
positivo,13,0.9735384615384616
