source,total,avg_score,negativity_pct,positivity_pct
Arab News,10,-0.8994,90.0,0.0
Times of Israel,144,-0.7259791666666666,75.0,1.3888888888888888
Press TV,85,-0.6820235294117647,68.23529411764706,0.0
Al Jazeera,227,-0.597660792951542,61.67400881057269,1.762114537444934
Middle East Eye,230,-0.5865608695652174,61.73913043478261,3.0434782608695654
France24,201,-0.40931343283582095,47.76119402985074,5.970149253731343
BBC World,93,-0.34391397849462363,38.70967741935484,4.301075268817205
TASS,347,-0.2908962536023055,38.61671469740634,9.798270893371757
Xinhua,20,-0.04995,20.0,15.0
