sentiment,count,avg_score
negativo,497,-0.9966981891348088
neutral,418,0.0
positivo,37,0.9901081081081081
