source,total,avg_score,negativity_pct,positivity_pct
Arab News,10,-0.8994,90.0,0.0
Times of Israel,136,-0.7172794117647059,74.26470588235294,1.4705882352941175
Press TV,80,-0.6996375,70.0,0.0
Al Jazeera,208,-0.628235576923077,64.42307692307693,1.4423076923076923
Middle East Eye,237,-0.6071940928270042,63.29113924050633,2.5316455696202533
France24,181,-0.44317127071823204,50.27624309392266,4.972375690607735
TASS,302,-0.3265298013245033,41.05960264900662,8.609271523178808
BBC World,88,-0.2839659090909091,32.95454545454545,4.545454545454546
Xinhua,20,-0.04995,20.0,15.0
