source,total,avg_score,negativity_pct,positivity_pct
Al Jazeera,83,-0.6341807228915662,66.26506024096386,2.4096385542168677
Middle East Eye,99,-0.6258080808080808,62.62626262626263,0.0
France24,70,-0.6140285714285714,68.57142857142857,7.142857142857142
Times of Israel,69,-0.6084202898550725,63.76811594202898,2.898550724637681
BBC World,52,-0.5445384615384615,55.769230769230774,1.9230769230769231
Press TV,38,-0.39444736842105266,47.368421052631575,7.894736842105263
TASS,183,-0.31854644808743166,38.25136612021858,6.0109289617486334
Xinhua,20,-0.04995,20.0,15.0
