source,total,avg_score,negativity_pct,positivity_pct
Arab News,10,-0.8994,90.0,0.0
Times of Israel,137,-0.663963503649635,68.61313868613139,2.18978102189781
Middle East Eye,217,-0.6493271889400921,65.43778801843318,0.4608294930875576
France24,155,-0.6062129032258065,64.51612903225806,3.870967741935484
Al Jazeera,179,-0.6048994413407821,62.01117318435754,1.1173184357541899
BBC World,98,-0.46229591836734696,46.93877551020408,1.0204081632653061
Press TV,82,-0.45093902439024386,48.78048780487805,3.6585365853658534
TASS,354,-0.31996327683615816,38.983050847457626,6.779661016949152
Xinhua,20,-0.04995,20.0,15.0
