sentiment,count,avg_score
negativo,267,-0.9968876404494381
neutral,219,0.0
positivo,19,0.9816315789473684
