source,total,avg_score,negativity_pct,positivity_pct
Arab News,10,-0.8994,90.0,0.0
Times of Israel,138,-0.7171086956521739,73.91304347826086,2.1739130434782608
Middle East Eye,192,-0.6818072916666668,68.75,0.5208333333333333
Al Jazeera,182,-0.5967637362637362,60.98901098901099,1.098901098901099
Press TV,81,-0.5552716049382717,58.0246913580247,2.4691358024691357
France24,145,-0.5400275862068966,60.0,5.517241379310345
BBC World,80,-0.4747125,48.75,1.25
TASS,280,-0.31173214285714285,38.92857142857143,7.5
Xinhua,20,-0.04995,20.0,15.0
