source,total,avg_score,negativity_pct,positivity_pct
Arab News,10,-0.8994,90.0,0.0
Times of Israel,137,-0.7205255474452555,74.45255474452554,2.18978102189781
Middle East Eye,191,-0.6801465968586387,68.58638743455498,0.5235602094240838
Al Jazeera,177,-0.5853954802259886,59.887005649717516,1.1299435028248588
Press TV,81,-0.555283950617284,58.0246913580247,2.4691358024691357
France24,145,-0.5446206896551724,60.689655172413794,5.517241379310345
BBC World,79,-0.46807594936708863,48.10126582278481,1.2658227848101267
TASS,261,-0.3267777777777778,40.229885057471265,7.2796934865900385
Xinhua,20,-0.04995,20.0,15.0
