source,total,avg_score,negativity_pct,positivity_pct
Arab News,10,-0.8994,90.0,0.0
Times of Israel,139,-0.7089712230215827,73.38129496402878,1.4388489208633095
Press TV,83,-0.6984578313253013,69.87951807228916,0.0
Al Jazeera,217,-0.6021751152073732,62.21198156682027,1.8433179723502304
Middle East Eye,241,-0.5971161825726141,62.24066390041494,2.4896265560165975
France24,185,-0.41735675675675676,48.10810810810811,5.405405405405405
TASS,309,-0.31697087378640776,40.45307443365696,9.06148867313916
BBC World,89,-0.28077528089887643,32.58426966292135,4.49438202247191
Xinhua,20,-0.04995,20.0,15.0
