sentiment,count,avg_score
negativo,612,-0.997233660130719
neutral,486,0.0
positivo,39,0.9905641025641025
