sentiment,count,avg_score
negativo,611,-0.995242225859247
neutral,458,0.0
positivo,38,0.9990789473684212
