source,total,avg_score,negativity_pct,positivity_pct
Arab News,10,-0.8994,90.0,0.0
Times of Israel,135,-0.7238074074074073,74.81481481481481,2.2222222222222223
Middle East Eye,187,-0.6840106951871657,68.98395721925134,0.53475935828877
Al Jazeera,173,-0.5854393063583815,59.53757225433526,0.5780346820809248
France24,143,-0.5312657342657343,57.34265734265735,3.4965034965034967
Press TV,77,-0.5192467532467533,54.54545454545454,2.5974025974025974
BBC World,79,-0.4554430379746835,46.835443037974684,1.2658227848101267
TASS,297,-0.3140909090909091,39.05723905723906,7.4074074074074066
Xinhua,20,-0.04995,20.0,15.0
