source,total,avg_score,negativity_pct,positivity_pct
Times of Israel,88,-0.636090909090909,67.04545454545455,3.4090909090909087
Al Jazeera,117,-0.6292820512820513,64.95726495726495,1.7094017094017095
Middle East Eye,140,-0.6066928571428571,60.71428571428571,0.0
France24,109,-0.5868715596330275,63.30275229357798,4.587155963302752
BBC World,65,-0.527876923076923,53.84615384615385,1.5384615384615385
Press TV,49,-0.36708163265306126,42.857142857142854,6.122448979591836
TASS,280,-0.315275,38.57142857142858,6.785714285714286
Xinhua,20,-0.04995,20.0,15.0
