sentiment,count,avg_score
negativo,693,-0.9925844155844156
neutral,516,0.0
positivo,55,0.956709090909091
