source,total,avg_score,negativity_pct,positivity_pct
Middle East Eye,104,-0.6437692307692308,64.42307692307693,0.0
Al Jazeera,88,-0.6322159090909091,65.9090909090909,2.272727272727273
France24,75,-0.6264,69.33333333333334,6.666666666666667
Times of Israel,71,-0.6053661971830986,63.38028169014085,2.8169014084507045
BBC World,59,-0.5307457627118644,54.23728813559322,1.694915254237288
Press TV,41,-0.4143170731707317,48.78048780487805,7.317073170731707
TASS,199,-0.3230603015075377,38.69346733668342,6.030150753768844
Xinhua,20,-0.04995,20.0,15.0
