sentiment,count,avg_score
negativo,480,-0.9966041666666666
neutral,399,0.0
positivo,36,0.9898611111111111
