source,total,avg_score,negativity_pct,positivity_pct
Arab News,10,-0.8994,90.0,0.0
Times of Israel,129,-0.6987209302325582,72.09302325581395,1.550387596899225
Middle East Eye,191,-0.6435811518324608,65.96858638743456,1.5706806282722512
Al Jazeera,176,-0.6095227272727273,61.93181818181818,0.5681818181818182
Press TV,80,-0.5997125,60.0,0.0
France24,161,-0.4997950310559006,53.41614906832298,2.484472049689441
BBC World,75,-0.37316,38.666666666666664,1.3333333333333335
TASS,252,-0.3344722222222222,40.476190476190474,7.142857142857142
Xinhua,20,-0.04995,20.0,15.0
