sentiment,count,avg_score
negativo,688,-0.9974941860465115
neutral,528,0.0
positivo,43,0.9913488372093023
