sentiment,count,avg_score
negativo,615,-0.9958048780487804
neutral,465,0.0
positivo,33,0.999090909090909
