sentiment,count,avg_score
negativo,630,-0.9958825396825396
neutral,432,0.0
positivo,39,0.9990512820512821
