source,total,avg_score,negativity_pct,positivity_pct
Arab News,10,-0.8994,90.0,0.0
Times of Israel,121,-0.7332231404958678,74.3801652892562,0.8264462809917356
Middle East Eye,189,-0.6715185185185185,67.72486772486772,0.5291005291005291
Al Jazeera,172,-0.594656976744186,60.46511627906976,0.5813953488372093
Press TV,80,-0.5747,57.49999999999999,0.0
France24,151,-0.5428278145695364,58.27814569536424,3.3112582781456954
BBC World,72,-0.41647222222222224,43.05555555555556,1.3888888888888888
TASS,302,-0.326523178807947,40.397350993377486,7.6158940397351
Xinhua,20,-0.04995,20.0,15.0
