source,total,avg_score,negativity_pct,positivity_pct
Times of Israel,86,-0.6276395348837209,66.27906976744185,3.488372093023256
Al Jazeera,107,-0.6227009345794393,64.48598130841121,1.8691588785046727
Middle East Eye,132,-0.613189393939394,61.36363636363637,0.0
France24,107,-0.5885046728971962,63.55140186915887,4.672897196261682
BBC World,64,-0.5205,53.125,1.5625
Press TV,46,-0.3910217391304348,45.65217391304348,6.521739130434782
TASS,274,-0.3148868613138686,38.32116788321168,6.569343065693431
Xinhua,20,-0.04995,20.0,15.0
