source,total,avg_score,negativity_pct,positivity_pct
Arab News,10,-0.8994,90.0,0.0
Times of Israel,135,-0.7225851851851852,74.81481481481481,1.4814814814814816
Press TV,82,-0.7069390243902439,70.73170731707317,0.0
Al Jazeera,199,-0.6265175879396985,64.321608040201,1.507537688442211
Middle East Eye,235,-0.6166127659574467,64.25531914893618,2.553191489361702
France24,175,-0.44694285714285714,50.857142857142854,5.142857142857142
TASS,291,-0.3239862542955326,40.20618556701031,7.903780068728522
BBC World,86,-0.29056976744186047,33.72093023255814,4.651162790697675
Xinhua,20,-0.04995,20.0,15.0
