sentiment,count,avg_score
negativo,649,-0.9968798151001541
neutral,477,0.0
positivo,42,0.9990952380952381
