sentiment,count,avg_score
negativo,616,-0.9959642857142857
neutral,478,0.0
positivo,31,0.9990967741935485
