source,total,avg_score,negativity_pct,positivity_pct
Al Jazeera,53,-0.6725849056603773,71.69811320754717,3.7735849056603774
France24,51,-0.6271960784313725,68.62745098039215,5.88235294117647
Middle East Eye,61,-0.6061803278688525,60.65573770491803,0.0
Times of Israel,38,-0.5787368421052632,57.89473684210527,0.0
BBC World,33,-0.46442424242424246,48.484848484848484,3.0303030303030303
Press TV,30,-0.433,46.666666666666664,3.3333333333333335
TASS,125,-0.295776,36.0,6.4
Xinhua,20,-0.04995,20.0,15.0
