sentiment,count,avg_score
negativo,720,-0.9923638888888888
neutral,557,0.0
positivo,62,0.961516129032258
