sentiment,count,avg_score
negativo,609,-0.9945320197044334
neutral,461,0.0
positivo,38,0.9552368421052632
