sentiment,count,avg_score
negativo,606,-0.9952178217821782
neutral,452,0.0
positivo,38,0.9990789473684212
