sentiment,count,avg_score
negativo,718,-0.9975821727019498
neutral,542,0.0
positivo,45,0.9916888888888888
