sentiment,count,avg_score
negativo,663,-0.9931719457013574
neutral,479,0.0
positivo,45,0.9620666666666666
