source,total,avg_score,negativity_pct,positivity_pct
Times of Israel,58,-0.6376551724137931,65.51724137931035,1.7241379310344827
Al Jazeera,72,-0.6338750000000001,66.66666666666666,2.7777777777777777
Middle East Eye,90,-0.6328666666666667,63.33333333333333,0.0
France24,58,-0.6032068965517241,65.51724137931035,5.172413793103448
BBC World,47,-0.4961489361702128,51.06382978723404,2.127659574468085
Press TV,35,-0.39971428571428574,45.714285714285715,5.714285714285714
TASS,147,-0.3240408163265306,38.095238095238095,5.442176870748299
Xinhua,20,-0.04995,20.0,15.0
