source,total,avg_score,negativity_pct,positivity_pct
Arab News,10,-0.8994,90.0,0.0
Times of Israel,133,-0.718421052631579,73.68421052631578,0.7518796992481203
Press TV,81,-0.6910000000000001,69.1358024691358,0.0
Al Jazeera,192,-0.6337447916666666,64.58333333333334,1.0416666666666665
Middle East Eye,229,-0.6327816593886464,65.93886462882097,2.6200873362445414
France24,171,-0.47105847953216373,52.046783625730995,4.093567251461988
TASS,272,-0.3062095588235294,38.970588235294116,8.455882352941178
BBC World,83,-0.28902409638554216,32.53012048192771,3.614457831325301
Xinhua,20,-0.04995,20.0,15.0
