sentiment,count,avg_score
negativo,473,-0.9972684989429176
neutral,392,0.0
positivo,36,0.9898611111111111
