sentiment,count,avg_score
negativo,723,-0.9923858921161826
neutral,563,0.0
positivo,66,0.9577424242424242
