sentiment,count,avg_score
negativo,468,-0.9972457264957265
neutral,380,0.0
positivo,36,0.9898611111111111
