source,total,avg_score,negativity_pct,positivity_pct
Arab News,10,-0.8994,90.0,0.0
Times of Israel,141,-0.720163120567376,74.46808510638297,1.4184397163120568
Press TV,85,-0.6820235294117647,68.23529411764706,0.0
Al Jazeera,220,-0.5985045454545455,61.81818181818181,1.8181818181818181
Middle East Eye,237,-0.5861097046413501,61.18143459915611,2.5316455696202533
France24,197,-0.42068020304568526,48.73096446700508,5.583756345177665
BBC World,92,-0.32592391304347823,36.95652173913043,4.3478260869565215
TASS,337,-0.30249851632047475,39.46587537091988,9.495548961424333
Xinhua,20,-0.04995,20.0,15.0
