source,total,avg_score,negativity_pct,positivity_pct
Arab News,10,-0.8994,90.0,0.0
Times of Israel,145,-0.6755931034482758,69.6551724137931,2.0689655172413794
Middle East Eye,224,-0.6513392857142858,65.625,0.4464285714285714
France24,168,-0.6069107142857143,64.28571428571429,3.571428571428571
Al Jazeera,195,-0.596276923076923,61.53846153846154,1.5384615384615385
BBC World,99,-0.4677272727272727,47.474747474747474,1.0101010101010102
Press TV,88,-0.4656363636363636,50.0,3.4090909090909087
TASS,356,-0.31535955056179776,38.764044943820224,7.02247191011236
Xinhua,20,-0.04995,20.0,15.0
