source,total,avg_score,negativity_pct,positivity_pct
Al Jazeera,99,-0.6326363636363637,65.65656565656566,2.0202020202020203
Times of Israel,78,-0.6279358974358974,65.38461538461539,2.564102564102564
Middle East Eye,118,-0.6266525423728813,62.71186440677966,0.0
France24,96,-0.5726666666666667,62.5,5.208333333333334
BBC World,63,-0.512904761904762,52.38095238095239,1.5873015873015872
Press TV,44,-0.38606818181818175,45.45454545454545,6.8181818181818175
TASS,239,-0.3233640167364017,38.49372384937239,5.857740585774058
Xinhua,20,-0.04995,20.0,15.0
