source,total,avg_score,negativity_pct,positivity_pct
Times of Israel,129,-0.6961240310077519,71.31782945736434,0.7751937984496124
Press TV,83,-0.662301204819277,66.26506024096386,0.0
Middle East Eye,191,-0.6488062827225131,67.01570680628272,2.094240837696335
Al Jazeera,175,-0.6186914285714286,62.857142857142854,0.5714285714285714
France24,163,-0.47732515337423315,52.14723926380368,3.6809815950920246
BBC World,83,-0.34922891566265063,36.144578313253014,1.2048192771084338
TASS,255,-0.305721568627451,38.43137254901961,8.235294117647058
Xinhua,20,-0.04995,20.0,15.0
