source,total,avg_score,negativity_pct,positivity_pct
Arab News,10,-0.8994,90.0,0.0
Times of Israel,90,-0.6219555555555556,65.55555555555556,3.3333333333333335
Al Jazeera,124,-0.6179354838709677,63.70967741935484,1.6129032258064515
Middle East Eye,143,-0.600951048951049,60.13986013986013,0.0
France24,110,-0.5815363636363636,62.727272727272734,4.545454545454546
BBC World,69,-0.5117536231884058,52.17391304347826,1.4492753623188406
Press TV,52,-0.36513461538461545,42.30769230769231,5.769230769230769
TASS,283,-0.31546643109540634,38.515901060070675,6.713780918727916
Xinhua,20,-0.04995,20.0,15.0
