source,total,avg_score,negativity_pct,positivity_pct
Arab News,10,-0.8994,90.0,0.0
Times of Israel,119,-0.6383697478991596,66.38655462184873,2.5210084033613445
Middle East Eye,168,-0.6304880952380952,63.095238095238095,0.0
Al Jazeera,152,-0.5874013157894736,60.526315789473685,1.3157894736842104
France24,145,-0.5859655172413794,62.758620689655174,4.137931034482759
BBC World,82,-0.4915609756097561,50.0,1.2195121951219512
Press TV,70,-0.4282714285714286,47.14285714285714,4.285714285714286
TASS,323,-0.33209597523219814,39.628482972136226,6.191950464396285
Xinhua,20,-0.04995,20.0,15.0
