sentiment,count,avg_score
negativo,211,-0.997829383886256
neutral,182,0.0
positivo,18,0.9806666666666667
