sentiment,count,avg_score
negativo,589,-0.9943769100169779
neutral,458,0.0
positivo,36,0.9620555555555556
