source,total,avg_score,negativity_pct,positivity_pct
Arab News,10,-0.8994,90.0,0.0
Times of Israel,137,-0.663963503649635,68.61313868613139,2.18978102189781
Middle East Eye,217,-0.6493271889400921,65.43778801843318,0.4608294930875576
Al Jazeera,184,-0.6047608695652174,61.95652173913043,1.0869565217391304
France24,156,-0.602326923076923,64.1025641025641,3.8461538461538463
BBC World,98,-0.46229591836734696,46.93877551020408,1.0204081632653061
Press TV,83,-0.45755421686746983,49.39759036144578,3.614457831325301
TASS,354,-0.31996327683615816,38.983050847457626,6.779661016949152
Xinhua,20,-0.04995,20.0,15.0
