source,total,avg_score,negativity_pct,positivity_pct
Arab News,10,-0.8994,90.0,0.0
Times of Israel,124,-0.7141129032258065,73.38709677419355,0.8064516129032258
Press TV,83,-0.6743373493975904,67.46987951807229,0.0
Middle East Eye,208,-0.6294134615384616,65.38461538461539,2.403846153846154
Al Jazeera,180,-0.616311111111111,62.77777777777778,1.1111111111111112
France24,165,-0.4775939393939394,52.72727272727272,4.242424242424243
BBC World,83,-0.33718072289156625,34.93975903614458,1.2048192771084338
TASS,257,-0.29815953307392995,38.52140077821012,8.949416342412452
Xinhua,20,-0.04995,20.0,15.0
