source,total,avg_score,negativity_pct,positivity_pct
Al Jazeera,41,-0.7475121951219512,78.04878048780488,2.4390243902439024
France24,45,-0.733,73.33333333333333,0.0
Middle East Eye,55,-0.5996363636363636,60.0,0.0
Times of Israel,35,-0.5712285714285715,57.14285714285714,0.0
BBC World,28,-0.476,50.0,3.571428571428571
Press TV,26,-0.3458846153846154,38.46153846153847,3.8461538461538463
TASS,117,-0.29892307692307696,35.8974358974359,5.982905982905983
Xinhua,20,-0.04995,20.0,15.0
