sentiment,count,avg_score
negativo,590,-0.9971457627118645
neutral,474,0.0
positivo,39,0.9905641025641025
