sentiment,count,avg_score
negativo,605,-0.9945041322314049
neutral,458,0.0
positivo,38,0.9552368421052632
