source,total,avg_score,negativity_pct,positivity_pct
Arab News,10,-0.8994,90.0,0.0
Middle East Eye,165,-0.6298363636363636,63.030303030303024,0.0
Times of Israel,116,-0.6290258620689655,65.51724137931035,2.586206896551724
Al Jazeera,151,-0.5846754966887417,60.264900662251655,1.3245033112582782
France24,144,-0.5830902777777778,62.5,4.166666666666666
BBC World,81,-0.49762962962962964,50.617283950617285,1.2345679012345678
Press TV,68,-0.41147058823529414,45.588235294117645,4.411764705882353
TASS,321,-0.3279408099688474,39.25233644859813,6.230529595015576
Xinhua,20,-0.04995,20.0,15.0
