source,total,avg_score,negativity_pct,positivity_pct
Arab News,10,-0.8994,90.0,0.0
Times of Israel,128,-0.7009453125,71.875,1.5625
Middle East Eye,198,-0.6611868686868686,66.66666666666666,0.5050505050505051
Al Jazeera,178,-0.6138932584269663,62.35955056179775,0.5617977528089888
Press TV,80,-0.5622499999999999,56.25,0.0
France24,153,-0.5079673202614379,53.59477124183007,1.9607843137254901
BBC World,73,-0.39706849315068493,41.0958904109589,1.36986301369863
TASS,259,-0.328011583011583,40.54054054054054,7.722007722007722
Xinhua,20,-0.04995,20.0,15.0
