source,total,avg_score,negativity_pct,positivity_pct
Times of Israel,87,-0.6319195402298851,66.66666666666666,3.4482758620689653
Al Jazeera,112,-0.6216696428571428,64.28571428571429,1.7857142857142856
Middle East Eye,134,-0.6114925373134328,61.19402985074627,0.0
France24,107,-0.5885046728971962,63.55140186915887,4.672897196261682
BBC World,64,-0.5205,53.125,1.5625
Press TV,47,-0.3827021276595745,44.680851063829785,6.382978723404255
TASS,278,-0.3139496402877698,38.489208633093526,6.83453237410072
Xinhua,20,-0.04995,20.0,15.0
