source,total,avg_score,negativity_pct,positivity_pct
Arab News,10,-0.8994,90.0,0.0
Times of Israel,125,-0.647712,67.2,2.4
Middle East Eye,186,-0.6339731182795699,63.44086021505376,0.0
France24,151,-0.60241059602649,64.23841059602648,3.9735099337748347
Al Jazeera,163,-0.5906871165644172,60.73619631901841,1.2269938650306749
BBC World,85,-0.48596470588235297,49.411764705882355,1.1764705882352942
Press TV,76,-0.43390789473684205,47.368421052631575,3.9473684210526314
TASS,336,-0.32817857142857143,39.88095238095239,6.845238095238096
Xinhua,20,-0.04995,20.0,15.0
