sentiment,count,avg_score
negativo,720,-0.9923652777777778
neutral,549,0.0
positivo,62,0.961516129032258
