sentiment,count,avg_score
negativo,490,-0.9966632653061225
neutral,406,0.0
positivo,36,0.9898611111111111
