sentiment,count,avg_score
negativo,505,-0.9967445544554455
neutral,433,0.0
positivo,37,0.9901081081081081
