source,total,avg_score,negativity_pct,positivity_pct
Arab News,10,-0.8994,90.0,0.0
Times of Israel,134,-0.7086865671641791,73.13432835820896,2.2388059701492535
Middle East Eye,201,-0.6512786069651741,65.67164179104478,0.4975124378109453
Al Jazeera,181,-0.6000662983425414,61.32596685082873,1.1049723756906076
Press TV,80,-0.5497124999999999,57.49999999999999,2.5
France24,150,-0.54202,60.0,5.333333333333334
BBC World,77,-0.4802077922077922,48.05194805194805,0.0
TASS,291,-0.31368041237113403,38.83161512027492,7.216494845360824
Xinhua,20,-0.04995,20.0,15.0
