source,total,avg_score,negativity_pct,positivity_pct
Arab News,10,-0.8994,90.0,0.0
Times of Israel,121,-0.7249752066115702,74.3801652892562,1.6528925619834711
Middle East Eye,185,-0.6752324324324325,68.10810810810811,0.5405405405405406
Al Jazeera,170,-0.5899058823529412,60.0,0.5882352941176471
Press TV,79,-0.5693291139240506,56.9620253164557,0.0
France24,150,-0.5464466666666666,58.666666666666664,3.3333333333333335
BBC World,74,-0.43222972972972973,44.5945945945946,1.3513513513513513
TASS,294,-0.3150204081632653,39.455782312925166,7.8231292517006805
Xinhua,20,-0.04995,20.0,15.0
