sentiment,count,avg_score
negativo,609,-0.9952364532019705
neutral,453,0.0
positivo,39,0.9990769230769231
