source,total,avg_score,negativity_pct,positivity_pct
Al Jazeera,62,-0.6716612903225807,70.96774193548387,3.225806451612903
Times of Israel,53,-0.6600754716981132,66.0377358490566,0.0
Middle East Eye,77,-0.6229480519480519,62.33766233766234,0.0
France24,55,-0.6179272727272727,67.27272727272727,5.454545454545454
BBC World,43,-0.4958139534883721,51.162790697674424,2.3255813953488373
Press TV,34,-0.4408529411764706,47.05882352941176,2.941176470588235
TASS,137,-0.30635036496350365,36.496350364963504,5.839416058394161
Xinhua,20,-0.04995,20.0,15.0
