sentiment,count,avg_score
negativo,230,-0.9979434782608695
neutral,189,0.0
positivo,18,0.9806666666666667
