sentiment,count,avg_score
negativo,516,-0.9968042635658915
neutral,439,0.0
positivo,37,0.9901081081081081
