source,total,avg_score,negativity_pct,positivity_pct
Arab News,10,-0.8994,90.0,0.0
Times of Israel,125,-0.7017680000000001,72.0,1.6
Middle East Eye,198,-0.6611919191919192,67.17171717171718,1.0101010101010102
Al Jazeera,177,-0.617361581920904,62.71186440677966,0.5649717514124294
Press TV,82,-0.5729024390243903,57.3170731707317,0.0
France24,156,-0.5110192307692307,53.84615384615385,1.9230769230769231
BBC World,76,-0.36825,38.15789473684211,1.3157894736842104
TASS,261,-0.3267777777777778,40.61302681992337,8.045977011494253
Xinhua,20,-0.04995,20.0,15.0
