sentiment,count,avg_score
negativo,728,-0.9924381868131869
neutral,565,0.0
positivo,62,0.961516129032258
