sentiment,count,avg_score
negativo,603,-0.9972023217247098
neutral,483,0.0
positivo,39,0.9905641025641025
