sentiment,count,avg_score
negativo,610,-0.9959245901639344
neutral,458,0.0
positivo,31,0.9990967741935485
