source,total,avg_score,negativity_pct,positivity_pct
Arab News,10,-0.8994,90.0,0.0
Times of Israel,126,-0.7358650793650793,75.39682539682539,1.5873015873015872
Middle East Eye,185,-0.6968324324324323,70.27027027027027,0.5405405405405406
Al Jazeera,167,-0.5945149700598803,60.47904191616767,0.5988023952095809
France24,149,-0.5434093959731544,58.38926174496645,3.3557046979865772
Press TV,77,-0.5062597402597403,53.246753246753244,2.5974025974025974
BBC World,75,-0.45312,46.666666666666664,1.3333333333333335
TASS,299,-0.3097558528428094,38.79598662207358,7.6923076923076925
Xinhua,20,-0.04995,20.0,15.0
