sentiment,count,avg_score
negativo,265,-0.9981283018867926
neutral,217,0.0
positivo,19,0.9816315789473684
