source,total,avg_score,negativity_pct,positivity_pct
Arab News,10,-0.8994,90.0,0.0
Times of Israel,123,-0.6419918699186992,66.66666666666666,2.4390243902439024
Middle East Eye,182,-0.6259285714285714,62.637362637362635,0.0
France24,150,-0.59976,64.0,4.0
Al Jazeera,158,-0.5840696202531646,60.12658227848101,1.2658227848101267
BBC World,84,-0.47985714285714287,48.80952380952381,1.1904761904761905
Press TV,75,-0.42636,46.666666666666664,4.0
TASS,331,-0.3361540785498489,40.181268882175225,6.3444108761329305
Xinhua,20,-0.04995,20.0,15.0
