source,total,avg_score,negativity_pct,positivity_pct
Arab News,10,-0.8994,90.0,0.0
Times of Israel,88,-0.636090909090909,67.04545454545455,3.4090909090909087
Al Jazeera,121,-0.625,64.46280991735537,1.6528925619834711
Middle East Eye,141,-0.6023900709219858,60.28368794326241,0.0
France24,109,-0.5868715596330275,63.30275229357798,4.587155963302752
BBC World,65,-0.527876923076923,53.84615384615385,1.5384615384615385
Press TV,49,-0.36708163265306126,42.857142857142854,6.122448979591836
TASS,281,-0.31415302491103203,38.43416370106761,6.761565836298933
Xinhua,20,-0.04995,20.0,15.0
