sentiment,count,avg_score
negativo,557,-0.9970089766606821
neutral,461,0.0
positivo,38,0.9903421052631579
