sentiment,count,avg_score
negativo,155,-0.9973032258064516
neutral,131,0.0
positivo,11,0.9687272727272728
