source,total,avg_score,negativity_pct,positivity_pct
Arab News,10,-0.8994,90.0,0.0
Times of Israel,124,-0.697991935483871,71.7741935483871,0.8064516129032258
Press TV,83,-0.6743373493975904,67.46987951807229,0.0
Middle East Eye,205,-0.6386243902439025,66.34146341463415,2.4390243902439024
Al Jazeera,179,-0.6141675977653631,62.56983240223464,1.1173184357541899
France24,164,-0.4744146341463415,52.4390243902439,4.2682926829268295
BBC World,85,-0.3292470588235294,34.11764705882353,1.1764705882352942
TASS,254,-0.3069251968503937,38.582677165354326,8.267716535433072
Xinhua,20,-0.04995,20.0,15.0
