source,total,avg_score,negativity_pct,positivity_pct
Arab News,10,-0.8994,90.0,0.0
Times of Israel,130,-0.7196153846153845,73.84615384615385,0.7692307692307693
Press TV,83,-0.698433734939759,69.87951807228916,0.0
Al Jazeera,194,-0.6323659793814433,64.43298969072166,1.0309278350515463
Middle East Eye,229,-0.6240524017467248,65.06550218340611,2.6200873362445414
France24,173,-0.4656127167630058,51.445086705202314,4.046242774566474
TASS,277,-0.31150902527075813,39.35018050541516,8.303249097472925
BBC World,83,-0.28902409638554216,32.53012048192771,3.614457831325301
Xinhua,20,-0.04995,20.0,15.0
