source,total,avg_score,negativity_pct,positivity_pct
Arab News,10,-0.8994,90.0,0.0
Times of Israel,120,-0.63305,65.83333333333333,2.5
Middle East Eye,174,-0.6317298850574713,63.2183908045977,0.0
France24,146,-0.5888013698630137,63.013698630136986,4.10958904109589
Al Jazeera,155,-0.5824774193548388,60.0,1.2903225806451613
BBC World,82,-0.4915609756097561,50.0,1.2195121951219512
Press TV,71,-0.4222394366197183,46.478873239436616,4.225352112676056
TASS,325,-0.33005538461538464,39.69230769230769,6.461538461538462
Xinhua,20,-0.04995,20.0,15.0
