source,total,avg_score,negativity_pct,positivity_pct
Arab News,10,-0.8994,90.0,0.0
Times of Israel,135,-0.703437037037037,72.5925925925926,2.2222222222222223
Middle East Eye,200,-0.659525,66.5,0.5
Al Jazeera,182,-0.5967692307692307,60.98901098901099,1.098901098901099
Press TV,80,-0.5497124999999999,57.49999999999999,2.5
France24,145,-0.5469172413793103,60.689655172413794,5.517241379310345
BBC World,78,-0.4612435897435897,47.43589743589743,1.282051282051282
TASS,290,-0.3147620689655173,38.96551724137931,7.241379310344828
Xinhua,20,-0.04995,20.0,15.0
