sentiment,count,avg_score
negativo,619,-0.995827140549273
neutral,456,0.0
positivo,34,0.9990882352941177
