sentiment,count,avg_score
negativo,629,-0.9953545310015898
neutral,459,0.0
positivo,38,0.9990789473684212
