sentiment,count,avg_score
negativo,577,-0.9970883882149048
neutral,467,0.0
positivo,38,0.9903421052631579
