sentiment,count,avg_score
negativo,630,-0.9973015873015872
neutral,490,0.0
positivo,41,0.9909756097560977
