source,total,avg_score,negativity_pct,positivity_pct
Arab News,10,-0.8994,90.0,0.0
Times of Israel,131,-0.7230305343511451,74.80916030534351,2.2900763358778624
Middle East Eye,185,-0.6914054054054054,69.72972972972973,0.5405405405405406
Al Jazeera,173,-0.5681156069364163,57.80346820809249,0.5780346820809248
France24,144,-0.5345277777777777,57.638888888888886,3.4722222222222223
Press TV,76,-0.5129210526315789,53.94736842105263,2.631578947368421
BBC World,74,-0.44571621621621615,45.94594594594595,1.3513513513513513
TASS,294,-0.3070986394557823,38.435374149659864,7.482993197278912
Xinhua,20,-0.04995,20.0,15.0
