source,total,avg_score,negativity_pct,positivity_pct
Arab News,10,-0.8994,90.0,0.0
Times of Israel,138,-0.7141159420289855,73.91304347826086,1.4492753623188406
Press TV,80,-0.69965,70.0,0.0
Al Jazeera,215,-0.6077813953488372,62.7906976744186,1.8604651162790697
Middle East Eye,238,-0.6004453781512605,62.60504201680672,2.5210084033613445
France24,183,-0.4328579234972677,49.72677595628415,5.46448087431694
TASS,309,-0.31697087378640776,40.45307443365696,9.06148867313916
BBC World,89,-0.28077528089887643,32.58426966292135,4.49438202247191
Xinhua,20,-0.04995,20.0,15.0
