sentiment,count,avg_score
negativo,665,-0.9974195488721804
neutral,512,0.0
positivo,43,0.9913488372093023
