source,total,avg_score,negativity_pct,positivity_pct
Arab News,10,-0.8994,90.0,0.0
Times of Israel,137,-0.711992700729927,73.72262773722628,1.4598540145985401
Press TV,81,-0.6663333333333333,66.66666666666666,0.0
Al Jazeera,218,-0.585651376146789,60.550458715596335,1.834862385321101
Middle East Eye,225,-0.5773777777777778,60.88888888888889,3.111111111111111
France24,199,-0.40338190954773867,47.23618090452261,6.030150753768844
BBC World,86,-0.3254302325581395,37.2093023255814,4.651162790697675
TASS,337,-0.29952818991097924,39.16913946587537,9.495548961424333
Xinhua,20,-0.04995,20.0,15.0
