sentiment,count,avg_score
negativo,627,-0.9937416267942584
neutral,468,0.0
positivo,42,0.959404761904762
