source,total,avg_score,negativity_pct,positivity_pct
Arab News,10,-0.8994,90.0,0.0
Times of Israel,141,-0.7130851063829787,73.75886524822694,1.4184397163120568
Press TV,84,-0.6901428571428572,69.04761904761905,0.0
Al Jazeera,218,-0.6039954128440367,62.38532110091744,1.834862385321101
Middle East Eye,237,-0.5987637130801688,62.447257383966246,2.5316455696202533
France24,190,-0.42040000000000005,48.94736842105264,5.7894736842105265
TASS,330,-0.3089090909090909,40.303030303030305,9.696969696969697
BBC World,89,-0.2920112359550562,33.70786516853933,4.49438202247191
Xinhua,20,-0.04995,20.0,15.0
