source,total,avg_score,negativity_pct,positivity_pct
Arab News,10,-0.8994,90.0,0.0
Times of Israel,135,-0.7163925925925926,74.07407407407408,2.2222222222222223
Middle East Eye,192,-0.687015625,69.27083333333334,0.5208333333333333
Al Jazeera,177,-0.5853954802259886,59.887005649717516,1.1299435028248588
Press TV,79,-0.5440379746835443,56.9620253164557,2.5316455696202533
France24,146,-0.513513698630137,57.534246575342465,5.47945205479452
BBC World,82,-0.45095121951219513,46.34146341463415,1.2195121951219512
TASS,261,-0.3306091954022989,40.61302681992337,7.2796934865900385
Xinhua,20,-0.04995,20.0,15.0
