sentiment,count,avg_score
negativo,651,-0.9973778801843318
neutral,504,0.0
positivo,41,0.9909756097560977
