sentiment,count,avg_score
negativo,692,-0.997507225433526
neutral,529,0.0
positivo,43,0.9913488372093023
