source,total,avg_score,negativity_pct,positivity_pct
France24,26,-0.8073076923076923,80.76923076923077,0.0
Middle East Eye,29,-0.6547931034482759,65.51724137931035,0.0
Al Jazeera,25,-0.62628,68.0,4.0
Times of Israel,22,-0.4997727272727273,50.0,0.0
BBC World,25,-0.41316,44.0,4.0
TASS,59,-0.355728813559322,42.3728813559322,6.779661016949152
Press TV,22,-0.22709090909090912,27.27272727272727,4.545454545454546
Xinhua,20,-0.04995,20.0,15.0
