source,total,avg_score,negativity_pct,positivity_pct
Arab News,10,-0.8994,90.0,0.0
Times of Israel,144,-0.7259791666666666,75.0,1.3888888888888888
Press TV,86,-0.6857093023255815,68.6046511627907,0.0
Al Jazeera,224,-0.5967410714285714,61.60714285714286,1.7857142857142856
Middle East Eye,236,-0.5801186440677966,61.016949152542374,2.9661016949152543
France24,197,-0.41560406091370555,48.223350253807105,5.583756345177665
BBC World,94,-0.34025531914893614,38.297872340425535,4.25531914893617
TASS,344,-0.3050581395348837,39.24418604651162,9.011627906976743
Xinhua,20,-0.04995,20.0,15.0
