source,total,avg_score,negativity_pct,positivity_pct
Arab News,10,-0.8994,90.0,0.0
Times of Israel,89,-0.6289438202247191,66.29213483146067,3.3707865168539324
Al Jazeera,121,-0.625,64.46280991735537,1.6528925619834711
Middle East Eye,142,-0.6051830985915494,60.56338028169014,0.0
France24,110,-0.5815363636363636,62.727272727272734,4.545454545454546
BBC World,65,-0.527876923076923,53.84615384615385,1.5384615384615385
Press TV,51,-0.3722941176470589,43.13725490196079,5.88235294117647
TASS,282,-0.31303900709219856,38.297872340425535,6.73758865248227
Xinhua,20,-0.04995,20.0,15.0
