sentiment,count,avg_score
negativo,243,-0.9980123456790123
neutral,200,0.0
positivo,18,0.9806666666666667
