sentiment,count,avg_score
negativo,608,-0.9952253289473684
neutral,452,0.0
positivo,38,0.9990789473684212
