sentiment,count,avg_score
negativo,501,-0.9967205588822355
neutral,428,0.0
positivo,37,0.9901081081081081
