sentiment,count,avg_score
negativo,613,-0.9958058727569331
neutral,454,0.0
positivo,36,0.9990833333333333
