source,total,avg_score,negativity_pct,positivity_pct
Arab News,10,-0.8994,90.0,0.0
Times of Israel,136,-0.6982720588235294,72.05882352941177,2.2058823529411766
Middle East Eye,207,-0.6565410628019324,66.18357487922705,0.4830917874396135
Al Jazeera,178,-0.5989550561797753,61.23595505617978,1.1235955056179776
France24,151,-0.5450529801324503,60.264900662251655,5.298013245033113
Press TV,78,-0.5381666666666666,56.41025641025641,2.564102564102564
BBC World,78,-0.49969230769230766,50.0,0.0
TASS,310,-0.30413225806451616,38.064516129032256,7.419354838709677
Xinhua,20,-0.04995,20.0,15.0
