source,total,avg_score,negativity_pct,positivity_pct
Arab News,10,-0.8994,90.0,0.0
Times of Israel,103,-0.611378640776699,64.07766990291263,2.912621359223301
Middle East Eye,147,-0.6049931972789115,60.544217687074834,0.0
Al Jazeera,132,-0.5930984848484848,61.36363636363637,1.5151515151515151
France24,117,-0.5723760683760684,61.53846153846154,4.273504273504273
BBC World,76,-0.5040657894736842,51.31578947368421,1.3157894736842104
Press TV,58,-0.3790344827586207,43.103448275862064,5.172413793103448
TASS,306,-0.3146176470588235,38.23529411764706,6.535947712418301
Xinhua,20,-0.04995,20.0,15.0
