sentiment,count,avg_score
negativo,355,-0.9965605633802816
neutral,274,0.0
positivo,28,0.9872142857142857
