sentiment,count,avg_score
negativo,245,-0.9980244897959183
neutral,202,0.0
positivo,18,0.9806666666666667
