sentiment,count,avg_score
negativo,653,-0.9968943338437978
neutral,471,0.0
positivo,41,0.9990975609756098
