source,total,avg_score,negativity_pct,positivity_pct
Al Jazeera,53,-0.6725849056603773,71.69811320754717,3.7735849056603774
France24,52,-0.6343461538461538,69.23076923076923,5.769230769230769
Middle East Eye,61,-0.6061803278688525,60.65573770491803,0.0
Times of Israel,38,-0.5787368421052632,57.89473684210527,0.0
BBC World,34,-0.48014705882352937,50.0,2.941176470588235
Press TV,31,-0.45125806451612904,48.38709677419355,3.225806451612903
TASS,125,-0.295776,36.0,6.4
Xinhua,20,-0.04995,20.0,15.0
