source,total,avg_score,negativity_pct,positivity_pct
Arab News,10,-0.8994,90.0,0.0
Times of Israel,140,-0.7181642857142858,74.28571428571429,1.4285714285714286
Press TV,83,-0.6743734939759036,67.46987951807229,0.0
Al Jazeera,222,-0.5931081081081081,61.261261261261254,1.8018018018018018
Middle East Eye,225,-0.5773777777777778,60.88888888888889,3.111111111111111
France24,199,-0.40338190954773867,47.23618090452261,6.030150753768844
BBC World,90,-0.3331777777777778,37.77777777777778,4.444444444444445
TASS,340,-0.2968852941176471,38.82352941176471,9.411764705882353
Xinhua,20,-0.04995,20.0,15.0
