source,total,avg_score,negativity_pct,positivity_pct
Arab News,10,-0.8994,90.0,0.0
Times of Israel,140,-0.7181642857142858,74.28571428571429,1.4285714285714286
Press TV,82,-0.6704024390243902,67.07317073170732,0.0
Al Jazeera,220,-0.5894136363636363,60.909090909090914,1.8181818181818181
Middle East Eye,225,-0.5773777777777778,60.88888888888889,3.111111111111111
France24,199,-0.40338190954773867,47.23618090452261,6.030150753768844
BBC World,89,-0.32569662921348314,37.07865168539326,4.49438202247191
TASS,340,-0.2968852941176471,38.82352941176471,9.411764705882353
Xinhua,20,-0.04995,20.0,15.0
