source,total,avg_score,negativity_pct,positivity_pct
Al Jazeera,59,-0.688864406779661,72.88135593220339,3.389830508474576
France24,53,-0.622377358490566,67.9245283018868,5.660377358490567
Times of Israel,45,-0.6219333333333333,62.22222222222222,0.0
Middle East Eye,68,-0.61725,61.76470588235294,0.0
BBC World,39,-0.46982051282051285,48.717948717948715,2.564102564102564
Press TV,34,-0.4408529411764706,47.05882352941176,2.941176470588235
TASS,130,-0.3151538461538461,37.69230769230769,6.153846153846154
Xinhua,20,-0.04995,20.0,15.0
