source,total,avg_score,negativity_pct,positivity_pct
Arab News,10,-0.8994,90.0,0.0
Times of Israel,140,-0.7181642857142858,74.28571428571429,1.4285714285714286
Press TV,84,-0.67825,67.85714285714286,0.0
Al Jazeera,223,-0.5949327354260089,61.43497757847533,1.7937219730941705
Middle East Eye,226,-0.5792477876106195,61.06194690265486,3.0973451327433628
France24,199,-0.40338190954773867,47.23618090452261,6.030150753768844
BBC World,91,-0.3404945054945055,38.46153846153847,4.395604395604396
TASS,341,-0.2989442815249267,39.002932551319645,9.3841642228739
Xinhua,20,-0.04995,20.0,15.0
