source,total,avg_score,negativity_pct,positivity_pct
Arab News,10,-0.8994,90.0,0.0
Times of Israel,111,-0.6213423423423423,64.86486486486487,2.7027027027027026
Middle East Eye,154,-0.6164415584415585,61.68831168831169,0.0
France24,132,-0.5754924242424243,61.36363636363637,3.787878787878788
Al Jazeera,145,-0.5744,59.310344827586206,1.3793103448275863
BBC World,80,-0.50385,51.24999999999999,1.25
Press TV,66,-0.39366666666666666,43.93939393939394,4.545454545454546
TASS,318,-0.32160062893081764,38.67924528301887,6.289308176100629
Xinhua,20,-0.04995,20.0,15.0
