source,total,avg_score,negativity_pct,positivity_pct
Arab News,10,-0.8994,90.0,0.0
Times of Israel,128,-0.65596875,67.96875,2.34375
Middle East Eye,186,-0.6339731182795699,63.44086021505376,0.0
France24,151,-0.60241059602649,64.23841059602648,3.9735099337748347
Al Jazeera,167,-0.6004790419161676,61.67664670658682,1.1976047904191618
BBC World,89,-0.49780898876404495,50.56179775280899,1.1235955056179776
Press TV,78,-0.44842307692307687,48.717948717948715,3.8461538461538463
TASS,339,-0.32527433628318586,39.52802359882006,6.784660766961652
Xinhua,20,-0.04995,20.0,15.0
