source,total,avg_score,negativity_pct,positivity_pct
Times of Israel,127,-0.6992204724409449,71.65354330708661,0.7874015748031495
Press TV,83,-0.662301204819277,66.26506024096386,0.0
Middle East Eye,190,-0.6417105263157895,66.3157894736842,2.1052631578947367
Al Jazeera,175,-0.6129771428571429,62.28571428571429,0.5714285714285714
France24,162,-0.474104938271605,51.85185185185185,3.7037037037037033
BBC World,86,-0.34865116279069763,36.04651162790697,1.1627906976744187
TASS,255,-0.305721568627451,38.43137254901961,8.235294117647058
Xinhua,20,-0.04995,20.0,15.0
