sentiment,count,avg_score
negativo,572,-0.9970699300699299
neutral,466,0.0
positivo,38,0.9903421052631579
