source,total,avg_score,negativity_pct,positivity_pct
Arab News,10,-0.8994,90.0,0.0
Times of Israel,125,-0.647712,67.2,2.4
Middle East Eye,185,-0.6319945945945946,63.24324324324324,0.0
France24,151,-0.60241059602649,64.23841059602648,3.9735099337748347
Al Jazeera,162,-0.5881604938271605,60.49382716049383,1.2345679012345678
BBC World,85,-0.48596470588235297,49.411764705882355,1.1764705882352942
Press TV,75,-0.42636,46.666666666666664,4.0
TASS,335,-0.3261761194029851,39.701492537313435,6.865671641791045
Xinhua,20,-0.04995,20.0,15.0
