source,total,avg_score,negativity_pct,positivity_pct
Arab News,10,-0.8994,90.0,0.0
Middle East Eye,163,-0.6314355828220859,63.190184049079754,0.0
Times of Israel,116,-0.6290258620689655,65.51724137931035,2.586206896551724
France24,144,-0.5830902777777778,62.5,4.166666666666666
Al Jazeera,147,-0.5801904761904761,59.863945578231295,1.3605442176870748
BBC World,80,-0.50385,51.24999999999999,1.25
Press TV,68,-0.41147058823529414,45.588235294117645,4.411764705882353
TASS,321,-0.3279408099688474,39.25233644859813,6.230529595015576
Xinhua,20,-0.04995,20.0,15.0
