sentiment,count,avg_score
negativo,627,-0.9972918660287081
neutral,488,0.0
positivo,41,0.9909756097560977
