sentiment,count,avg_score
negativo,666,-0.9928243243243243
neutral,488,0.0
positivo,45,0.9620666666666666
