source,total,avg_score,negativity_pct,positivity_pct
Arab News,10,-0.8994,90.0,0.0
Times of Israel,128,-0.7009375,71.875,1.5625
Middle East Eye,197,-0.6594822335025381,67.51269035532995,1.5228426395939088
Al Jazeera,179,-0.6160446927374302,62.56983240223464,0.5586592178770949
Press TV,81,-0.5799753086419753,58.0246913580247,0.0
France24,159,-0.5076540880503144,53.459119496855344,1.8867924528301887
BBC World,76,-0.36825,38.15789473684211,1.3157894736842104
TASS,269,-0.32448698884758365,40.14869888475837,7.806691449814126
Xinhua,20,-0.04995,20.0,15.0
