sentiment,count,avg_score
negativo,640,-0.9968406249999999
neutral,447,0.0
positivo,41,0.9990975609756098
