sentiment,count,avg_score
negativo,643,-0.996466562986003
neutral,447,0.0
positivo,41,0.9990975609756098
