source,total,avg_score,negativity_pct,positivity_pct
Arab News,10,-0.8994,90.0,0.0
Times of Israel,126,-0.7358650793650793,74.60317460317461,0.7936507936507936
Middle East Eye,194,-0.6542216494845361,65.97938144329896,0.5154639175257731
Al Jazeera,174,-0.6050402298850575,61.49425287356321,0.5747126436781609
Press TV,78,-0.551025641025641,55.12820512820513,0.0
France24,156,-0.5062115384615384,53.205128205128204,1.9230769230769231
BBC World,71,-0.3941830985915493,40.845070422535215,1.4084507042253522
TASS,283,-0.32491166077738515,39.92932862190813,7.420494699646643
Xinhua,20,-0.04995,20.0,15.0
