sentiment,count,avg_score
negativo,606,-0.9945099009900991
neutral,459,0.0
positivo,38,0.9552368421052632
