sentiment,count,avg_score
negativo,637,-0.9954050235478806
neutral,465,0.0
positivo,41,0.9990731707317074
