sentiment,count,avg_score
negativo,609,-0.9972216748768473
neutral,485,0.0
positivo,39,0.9905641025641025
