source,total,avg_score,negativity_pct,positivity_pct
Times of Israel,55,-0.636090909090909,65.45454545454545,1.8181818181818181
Al Jazeera,69,-0.6324782608695652,66.66666666666666,2.898550724637681
France24,55,-0.6179272727272727,67.27272727272727,5.454545454545454
Middle East Eye,85,-0.6113294117647059,61.1764705882353,0.0
BBC World,43,-0.4958139534883721,51.162790697674424,2.3255813953488373
Press TV,34,-0.4408529411764706,47.05882352941176,2.941176470588235
TASS,140,-0.31407142857142856,37.142857142857146,5.714285714285714
Xinhua,20,-0.04995,20.0,15.0
