sentiment,count,avg_score
negativo,139,-0.9970431654676258
neutral,117,0.0
positivo,11,0.9687272727272728
