source,total,avg_score,negativity_pct,positivity_pct
Arab News,10,-0.8994,90.0,0.0
Times of Israel,138,-0.7098695652173913,73.18840579710145,2.1739130434782608
Middle East Eye,198,-0.6611414141414141,66.66666666666666,0.5050505050505051
Al Jazeera,182,-0.5967692307692307,60.98901098901099,1.098901098901099
Press TV,80,-0.5497124999999999,57.49999999999999,2.5
France24,149,-0.5389463087248322,59.73154362416108,5.369127516778524
BBC World,78,-0.4612435897435897,47.43589743589743,1.282051282051282
TASS,290,-0.3147620689655173,38.96551724137931,7.241379310344828
Xinhua,20,-0.04995,20.0,15.0
