sentiment,count,avg_score
negativo,253,-0.9980671936758894
neutral,206,0.0
positivo,18,0.9806666666666667
