source,total,avg_score,negativity_pct,positivity_pct
Arab News,10,-0.8994,90.0,0.0
Times of Israel,128,-0.7243671875,73.4375,0.78125
Middle East Eye,198,-0.651090909090909,65.65656565656566,0.5050505050505051
Al Jazeera,180,-0.6126277777777778,62.22222222222222,0.5555555555555556
Press TV,79,-0.5567088607594937,55.69620253164557,0.0
France24,152,-0.5113092105263157,53.94736842105263,1.9736842105263157
BBC World,74,-0.3917027027027027,40.54054054054054,1.3513513513513513
TASS,270,-0.31835555555555556,39.62962962962963,7.777777777777778
Xinhua,20,-0.04995,20.0,15.0
