sentiment,count,avg_score
negativo,635,-0.9973228346456692
neutral,492,0.0
positivo,41,0.9909756097560977
