source,total,avg_score,negativity_pct,positivity_pct
Times of Israel,127,-0.6992204724409449,71.65354330708661,0.7874015748031495
Press TV,82,-0.6581951219512195,65.85365853658537,0.0
Middle East Eye,190,-0.6417105263157895,66.3157894736842,2.1052631578947367
Al Jazeera,175,-0.6129771428571429,62.28571428571429,0.5714285714285714
France24,158,-0.4797784810126583,52.53164556962025,3.79746835443038
BBC World,87,-0.3446436781609195,35.63218390804598,1.1494252873563218
TASS,255,-0.305721568627451,38.43137254901961,8.235294117647058
Xinhua,20,-0.04995,20.0,15.0
