sentiment,count,avg_score
negativo,375,-0.9967226666666668
neutral,300,0.0
positivo,29,0.9876206896551724
