source,total,avg_score,negativity_pct,positivity_pct
Arab News,10,-0.8994,90.0,0.0
Times of Israel,142,-0.7150915492957747,73.94366197183099,1.4084507042253522
Press TV,85,-0.6820235294117647,68.23529411764706,0.0
Al Jazeera,221,-0.5957963800904977,61.53846153846154,1.809954751131222
Middle East Eye,238,-0.592046218487395,61.76470588235294,2.5210084033613445
France24,196,-0.4177295918367347,48.46938775510204,5.612244897959184
TASS,333,-0.3061321321321321,39.93993993993994,9.60960960960961
BBC World,89,-0.3032359550561798,34.831460674157306,4.49438202247191
Xinhua,20,-0.04995,20.0,15.0
