sentiment,count,avg_score
negativo,672,-0.9974449404761905
neutral,515,0.0
positivo,43,0.9913488372093023
