sentiment,count,avg_score
negativo,534,-0.9969007490636704
neutral,453,0.0
positivo,37,0.9901081081081081
