source,total,avg_score,negativity_pct,positivity_pct
Arab News,10,-0.8994,90.0,0.0
Times of Israel,134,-0.7217537313432836,74.6268656716418,2.2388059701492535
Middle East Eye,186,-0.6876881720430107,69.35483870967742,0.5376344086021506
Al Jazeera,173,-0.5681156069364163,57.80346820809249,0.5780346820809248
France24,145,-0.5308413793103448,57.24137931034483,3.4482758620689653
Press TV,77,-0.5192467532467533,54.54545454545454,2.5974025974025974
BBC World,75,-0.4397733333333333,45.33333333333333,1.3333333333333335
TASS,294,-0.3070986394557823,38.435374149659864,7.482993197278912
Xinhua,20,-0.04995,20.0,15.0
