source,total,avg_score,negativity_pct,positivity_pct
Arab News,10,-0.8994,90.0,0.0
Times of Israel,128,-0.7243671875,75.0,2.34375
Middle East Eye,184,-0.6951684782608696,70.1086956521739,0.5434782608695652
Al Jazeera,172,-0.5714186046511628,58.139534883720934,0.5813953488372093
France24,144,-0.5345277777777777,57.638888888888886,3.4722222222222223
Press TV,76,-0.5129210526315789,53.94736842105263,2.631578947368421
BBC World,73,-0.4381369863013699,45.20547945205479,1.36986301369863
TASS,291,-0.3102646048109966,38.83161512027492,7.560137457044673
Xinhua,20,-0.04995,20.0,15.0
