sentiment,count,avg_score
negativo,614,-0.9958061889250813
neutral,471,0.0
positivo,31,0.9990967741935485
