sentiment,count,avg_score
negativo,499,-0.9967094188376754
neutral,424,0.0
positivo,37,0.9901081081081081
