source,total,avg_score,negativity_pct,positivity_pct
Arab News,10,-0.8994,90.0,0.0
Times of Israel,129,-0.7265038759689922,73.64341085271317,0.7751937984496124
Middle East Eye,197,-0.6493248730964467,65.48223350253807,0.5076142131979695
Al Jazeera,178,-0.6026741573033708,61.23595505617978,0.5617977528089888
Press TV,78,-0.551025641025641,55.12820512820513,0.0
France24,157,-0.507764331210191,53.503184713375795,1.910828025477707
BBC World,74,-0.3917027027027027,40.54054054054054,1.3513513513513513
TASS,282,-0.3260709219858156,40.0709219858156,7.446808510638298
Xinhua,20,-0.04995,20.0,15.0
