source,total,avg_score,negativity_pct,positivity_pct
Times of Israel,125,-0.7024,72.0,0.8
Press TV,83,-0.6743373493975904,67.46987951807229,0.0
Middle East Eye,201,-0.646363184079602,66.66666666666666,1.9900497512437811
Al Jazeera,179,-0.6141675977653631,62.56983240223464,1.1173184357541899
France24,162,-0.48026543209876543,52.46913580246913,3.7037037037037033
BBC World,83,-0.33718072289156625,34.93975903614458,1.2048192771084338
TASS,255,-0.3096392156862745,38.82352941176471,8.235294117647058
Xinhua,20,-0.04995,20.0,15.0
