source,total,avg_score,negativity_pct,positivity_pct
Times of Israel,63,-0.6663650793650794,68.25396825396825,1.5873015873015872
Al Jazeera,73,-0.6388904109589042,67.12328767123287,2.73972602739726
Middle East Eye,93,-0.6339462365591398,63.44086021505376,0.0
France24,58,-0.6032068965517241,65.51724137931035,5.172413793103448
BBC World,47,-0.4961489361702128,51.06382978723404,2.127659574468085
Press TV,36,-0.3608611111111111,44.44444444444444,8.333333333333332
TASS,149,-0.3196912751677852,37.58389261744966,5.369127516778524
Xinhua,20,-0.04995,20.0,15.0
