sentiment,count,avg_score
negativo,587,-0.9971311754684838
neutral,473,0.0
positivo,39,0.9905641025641025
