source,total,avg_score,negativity_pct,positivity_pct
France24,30,-0.7996333333333333,80.0,0.0
Middle East Eye,36,-0.7218055555555556,72.22222222222221,0.0
Al Jazeera,28,-0.6662857142857143,71.42857142857143,3.571428571428571
Times of Israel,25,-0.5598000000000001,56.00000000000001,0.0
BBC World,27,-0.45662962962962966,48.148148148148145,3.7037037037037033
TASS,79,-0.34156962025316456,40.50632911392405,6.329113924050633
Press TV,22,-0.22709090909090912,27.27272727272727,4.545454545454546
Xinhua,20,-0.04995,20.0,15.0
