source,total,avg_score,negativity_pct,positivity_pct
Arab News,10,-0.8994,90.0,0.0
Al Jazeera,126,-0.6134126984126984,63.49206349206349,1.5873015873015872
Middle East Eye,145,-0.606448275862069,60.689655172413794,0.0
Times of Israel,93,-0.6018924731182795,63.44086021505376,3.225806451612903
France24,110,-0.5815363636363636,62.727272727272734,4.545454545454546
BBC World,70,-0.5187142857142858,52.85714285714286,1.4285714285714286
Press TV,52,-0.36513461538461545,42.30769230769231,5.769230769230769
TASS,285,-0.32026315789473686,38.94736842105263,6.666666666666667
Xinhua,20,-0.04995,20.0,15.0
