sentiment,count,avg_score
negativo,679,-0.9924491899852725
neutral,489,0.0
positivo,48,0.9644166666666667
