sentiment,count,avg_score
negativo,619,-0.9959741518578353
neutral,466,0.0
positivo,34,0.9892941176470589
