sentiment,count,avg_score
negativo,441,-0.9971156462585035
neutral,364,0.0
positivo,35,0.9895714285714285
