source,total,avg_score,negativity_pct,positivity_pct
Arab News,10,-0.8994,90.0,0.0
Times of Israel,126,-0.7279285714285714,74.60317460317461,1.5873015873015872
Middle East Eye,184,-0.6951902173913044,70.1086956521739,0.5434782608695652
Al Jazeera,167,-0.5885329341317365,59.88023952095808,0.5988023952095809
France24,149,-0.5434093959731544,58.38926174496645,3.3557046979865772
Press TV,77,-0.5062597402597403,53.246753246753244,2.5974025974025974
BBC World,74,-0.44572972972972974,45.94594594594595,1.3513513513513513
TASS,298,-0.3096778523489933,38.92617449664429,7.718120805369128
Xinhua,20,-0.04995,20.0,15.0
