sentiment,count,avg_score
negativo,307,-0.9972214983713354
neutral,244,0.0
positivo,23,0.9846521739130434
