source,total,avg_score,negativity_pct,positivity_pct
Al Jazeera,66,-0.6612272727272727,69.6969696969697,3.0303030303030303
Times of Israel,54,-0.6293518518518518,64.81481481481481,1.8518518518518516
France24,55,-0.6179272727272727,67.27272727272727,5.454545454545454
Middle East Eye,84,-0.6067142857142857,60.71428571428571,0.0
BBC World,43,-0.4958139534883721,51.162790697674424,2.3255813953488373
Press TV,34,-0.4408529411764706,47.05882352941176,2.941176470588235
TASS,140,-0.31407142857142856,37.142857142857146,5.714285714285714
Xinhua,20,-0.04995,20.0,15.0
