source,total,avg_score,negativity_pct,positivity_pct
Arab News,10,-0.8994,90.0,0.0
Times of Israel,140,-0.6711571428571429,69.28571428571428,2.142857142857143
Middle East Eye,220,-0.6450136363636363,65.0,0.45454545454545453
Al Jazeera,192,-0.60559375,61.979166666666664,1.0416666666666665
France24,161,-0.6022546583850932,63.975155279503106,3.7267080745341614
Press TV,86,-0.4648372093023256,50.0,3.488372093023256
BBC World,98,-0.46229591836734696,46.93877551020408,1.0204081632653061
TASS,355,-0.31624788732394365,38.87323943661972,7.042253521126761
Xinhua,20,-0.04995,20.0,15.0
