source,total,avg_score,negativity_pct,positivity_pct
Times of Israel,78,-0.6279358974358974,65.38461538461539,2.564102564102564
Al Jazeera,95,-0.6277263157894737,65.26315789473685,2.1052631578947367
Middle East Eye,114,-0.6135877192982456,61.40350877192983,0.0
France24,91,-0.6041318681318681,65.93406593406593,5.4945054945054945
BBC World,62,-0.5211774193548387,53.2258064516129,1.6129032258064515
Press TV,42,-0.4044523809523809,47.61904761904761,7.142857142857142
TASS,239,-0.3233640167364017,38.49372384937239,5.857740585774058
Xinhua,20,-0.04995,20.0,15.0
