source,total,avg_score,negativity_pct,positivity_pct
Arab News,10,-0.8994,90.0,0.0
Times of Israel,128,-0.723046875,74.21875,0.78125
Press TV,81,-0.6539876543209876,65.4320987654321,0.0
Middle East Eye,221,-0.6330904977375567,65.61085972850678,2.262443438914027
Al Jazeera,192,-0.6194270833333334,63.020833333333336,1.0416666666666665
France24,166,-0.4686927710843373,51.80722891566265,4.216867469879518
BBC World,85,-0.3174941176470588,34.11764705882353,2.3529411764705883
TASS,252,-0.31200396825396826,39.682539682539684,8.73015873015873
Xinhua,20,-0.04995,20.0,15.0
