sentiment,count,avg_score
negativo,583,-0.997114922813036
neutral,468,0.0
positivo,38,0.9903421052631579
