sentiment,count,avg_score
negativo,615,-0.9952747967479676
neutral,455,0.0
positivo,38,0.9990789473684212
