sentiment,count,avg_score
negativo,274,-0.996948905109489
neutral,221,0.0
positivo,19,0.9816315789473684
