sentiment,count,avg_score
negativo,493,-0.9966774847870183
neutral,415,0.0
positivo,37,0.9901081081081081
