source,total,avg_score,negativity_pct,positivity_pct
Arab News,10,-0.8994,90.0,0.0
Times of Israel,113,-0.6280353982300886,65.48672566371681,2.6548672566371683
Middle East Eye,157,-0.6237515923566879,62.42038216560509,0.0
France24,139,-0.5752877697841727,61.87050359712231,4.316546762589928
Al Jazeera,145,-0.5744,59.310344827586206,1.3793103448275863
BBC World,80,-0.50385,51.24999999999999,1.25
Press TV,66,-0.39366666666666666,43.93939393939394,4.545454545454546
TASS,319,-0.32372727272727275,38.87147335423197,6.269592476489027
Xinhua,20,-0.04995,20.0,15.0
