source,total,avg_score,negativity_pct,positivity_pct
Arab News,10,-0.8994,90.0,0.0
Times of Israel,126,-0.6505079365079365,67.46031746031747,2.380952380952381
Middle East Eye,186,-0.6339731182795699,63.44086021505376,0.0
France24,151,-0.60241059602649,64.23841059602648,3.9735099337748347
Al Jazeera,166,-0.5980722891566265,61.44578313253012,1.2048192771084338
BBC World,87,-0.49775862068965515,50.57471264367817,1.1494252873563218
Press TV,77,-0.44125974025974024,48.05194805194805,3.896103896103896
TASS,338,-0.32623668639053255,39.64497041420118,6.804733727810651
Xinhua,20,-0.04995,20.0,15.0
