sentiment,count,avg_score
negativo,600,-0.9944683333333334
neutral,460,0.0
positivo,38,0.9552368421052632
