sentiment,count,avg_score
negativo,615,-0.9952780487804878
neutral,452,0.0
positivo,39,0.9990769230769231
