sentiment,count,avg_score
negativo,615,-0.9958032520325203
neutral,455,0.0
positivo,34,0.9990882352941177
