source,total,avg_score,negativity_pct,positivity_pct
Arab News,10,-0.8994,90.0,0.0
Times of Israel,135,-0.7108444444444444,73.33333333333333,2.2222222222222223
Middle East Eye,202,-0.6530049504950496,65.84158415841584,0.49504950495049505
Al Jazeera,181,-0.6000662983425414,61.32596685082873,1.1049723756906076
France24,151,-0.5450529801324503,60.264900662251655,5.298013245033113
Press TV,79,-0.5440126582278481,56.9620253164557,2.5316455696202533
BBC World,78,-0.4868717948717949,48.717948717948715,0.0
TASS,305,-0.30911475409836064,38.36065573770492,7.213114754098362
Xinhua,20,-0.04995,20.0,15.0
