sentiment,count,avg_score
negativo,492,-0.9966727642276423
neutral,409,0.0
positivo,36,0.9898611111111111
