source,total,avg_score,negativity_pct,positivity_pct
Times of Israel,80,-0.6372375,66.25,2.5
Al Jazeera,100,-0.6363,66.0,2.0
Middle East Eye,124,-0.620508064516129,62.096774193548384,0.0
France24,103,-0.5919611650485437,64.07766990291263,4.854368932038835
BBC World,64,-0.5205,53.125,1.5625
Press TV,44,-0.38606818181818175,45.45454545454545,6.8181818181818175
TASS,259,-0.31383397683397685,38.22393822393823,6.563706563706563
Xinhua,20,-0.04995,20.0,15.0
