source,total,avg_score,negativity_pct,positivity_pct
Middle East Eye,107,-0.6350560747663551,63.55140186915887,0.0
Al Jazeera,92,-0.6264673913043478,65.21739130434783,2.1739130434782608
France24,82,-0.6216951219512195,68.29268292682927,6.097560975609756
Times of Israel,74,-0.6213513513513513,64.86486486486487,2.7027027027027026
BBC World,60,-0.5219,53.333333333333336,1.6666666666666667
Press TV,41,-0.4143170731707317,48.78048780487805,7.317073170731707
TASS,228,-0.3214254385964912,38.15789473684211,5.701754385964912
Xinhua,20,-0.04995,20.0,15.0
