sentiment,count,avg_score
negativo,446,-0.9971412556053812
neutral,367,0.0
positivo,36,0.9898611111111111
