sentiment,count,avg_score
negativo,700,-0.9926514285714285
neutral,525,0.0
positivo,57,0.9582105263157895
