sentiment,count,avg_score
negativo,600,-0.9944783333333334
neutral,459,0.0
positivo,33,0.978909090909091
