sentiment,count,avg_score
negativo,323,-0.9973219814241486
neutral,248,0.0
positivo,26,0.9863076923076922
