source,total,avg_score,negativity_pct,positivity_pct
Arab News,10,-0.8994,90.0,0.0
Times of Israel,125,-0.733752,74.4,0.8
Middle East Eye,194,-0.6593762886597938,66.49484536082474,0.5154639175257731
Al Jazeera,170,-0.6016411764705882,61.1764705882353,0.5882352941176471
Press TV,80,-0.562225,56.25,0.0
France24,155,-0.5159225806451613,54.19354838709678,1.935483870967742
BBC World,73,-0.3833835616438356,39.726027397260275,1.36986301369863
TASS,277,-0.3247292418772563,39.71119133574007,7.2202166064981945
Xinhua,20,-0.04995,20.0,15.0
