sentiment,count,avg_score
negativo,637,-0.9938335949764521
neutral,472,0.0
positivo,42,0.959404761904762
