source,total,avg_score,negativity_pct,positivity_pct
Arab News,10,-0.8994,90.0,0.0
Times of Israel,130,-0.7196153846153845,73.84615384615385,0.7692307692307693
Press TV,82,-0.7069512195121951,70.73170731707317,0.0
Al Jazeera,196,-0.6361071428571429,64.79591836734694,1.0204081632653061
Middle East Eye,231,-0.6229740259740261,64.93506493506493,2.5974025974025974
France24,170,-0.4424588235294118,50.588235294117645,5.294117647058823
TASS,282,-0.31661702127659574,39.71631205673759,8.156028368794328
BBC World,83,-0.28902409638554216,32.53012048192771,3.614457831325301
Xinhua,20,-0.04995,20.0,15.0
