source,total,avg_score,negativity_pct,positivity_pct
Arab News,10,-0.8994,90.0,0.0
Times of Israel,137,-0.711992700729927,73.72262773722628,1.4598540145985401
Press TV,81,-0.6663333333333333,66.66666666666666,0.0
Al Jazeera,217,-0.583741935483871,60.36866359447005,1.8433179723502304
Middle East Eye,221,-0.5742624434389141,60.633484162895925,3.167420814479638
France24,199,-0.40338190954773867,47.23618090452261,6.030150753768844
BBC World,86,-0.3254302325581395,37.2093023255814,4.651162790697675
TASS,337,-0.29952818991097924,39.16913946587537,9.495548961424333
Xinhua,20,-0.04995,20.0,15.0
