source,total,avg_score,negativity_pct,positivity_pct
Arab News,10,-0.8994,90.0,0.0
Times of Israel,140,-0.6711571428571429,69.28571428571428,2.142857142857143
Middle East Eye,219,-0.647958904109589,65.29680365296804,0.45662100456621
Al Jazeera,188,-0.6078457446808511,62.23404255319149,1.0638297872340425
France24,157,-0.6048598726114649,64.3312101910828,3.821656050955414
BBC World,98,-0.46229591836734696,46.93877551020408,1.0204081632653061
Press TV,85,-0.45855294117647055,49.411764705882355,3.5294117647058822
TASS,354,-0.31996327683615816,38.983050847457626,6.779661016949152
Xinhua,20,-0.04995,20.0,15.0
