sentiment,count,avg_score
negativo,487,-0.99664681724846
neutral,405,0.0
positivo,36,0.9898611111111111
