sentiment,count,avg_score
negativo,553,-0.9969873417721518
neutral,460,0.0
positivo,38,0.9903421052631579
