source,total,avg_score,negativity_pct,positivity_pct
Arab News,10,-0.8994,90.0,0.0
Times of Israel,125,-0.71776,74.4,2.4
Middle East Eye,189,-0.6926560846560846,69.84126984126983,0.5291005291005291
Al Jazeera,171,-0.5747602339181287,58.47953216374269,0.5847953216374269
France24,146,-0.5340479452054795,57.534246575342465,3.4246575342465753
Press TV,77,-0.5062597402597403,53.246753246753244,2.5974025974025974
BBC World,70,-0.42837142857142857,44.285714285714285,1.4285714285714286
TASS,293,-0.3115597269624574,39.249146757679185,7.849829351535837
Xinhua,20,-0.04995,20.0,15.0
