source,total,avg_score,negativity_pct,positivity_pct
Arab News,10,-0.8994,90.0,0.0
Al Jazeera,129,-0.6068914728682171,62.7906976744186,1.550387596899225
Middle East Eye,147,-0.6049931972789115,60.544217687074834,0.0
Times of Israel,101,-0.6037029702970297,63.366336633663366,2.9702970297029703
France24,112,-0.5800803571428571,62.5,4.464285714285714
BBC World,75,-0.5107866666666666,52.0,1.3333333333333335
Press TV,53,-0.35824528301886793,41.509433962264154,5.660377358490567
TASS,292,-0.3228527397260274,39.04109589041096,6.506849315068493
Xinhua,20,-0.04995,20.0,15.0
