source,total,avg_score,negativity_pct,positivity_pct
Arab News,10,-0.8994,90.0,0.0
Times of Israel,131,-0.6562137404580153,67.93893129770993,2.2900763358778624
Middle East Eye,208,-0.6534086538461538,65.38461538461539,0.0
Al Jazeera,171,-0.6098187134502924,62.57309941520468,1.1695906432748537
France24,151,-0.60241059602649,64.23841059602648,3.9735099337748347
BBC World,94,-0.47132978723404256,47.87234042553192,1.0638297872340425
Press TV,78,-0.44842307692307687,48.717948717948715,3.8461538461538463
TASS,347,-0.320657060518732,38.90489913544668,6.628242074927954
Xinhua,20,-0.04995,20.0,15.0
