source,total,avg_score,negativity_pct,positivity_pct
Arab News,10,-0.8994,90.0,0.0
Times of Israel,116,-0.6290258620689655,65.51724137931035,2.586206896551724
Middle East Eye,158,-0.626126582278481,62.65822784810127,0.0
France24,144,-0.5830902777777778,62.5,4.166666666666666
Al Jazeera,147,-0.5801904761904761,59.863945578231295,1.3605442176870748
BBC World,80,-0.50385,51.24999999999999,1.25
Press TV,67,-0.40270149253731347,44.776119402985074,4.477611940298507
TASS,320,-0.325840625,39.0625,6.25
Xinhua,20,-0.04995,20.0,15.0
