source,total,avg_score,negativity_pct,positivity_pct
Arab News,10,-0.8994,90.0,0.0
Times of Israel,127,-0.7175905511811024,73.22834645669292,0.7874015748031495
Middle East Eye,192,-0.6402239583333333,65.625,1.5625
Al Jazeera,176,-0.6151988636363637,62.5,0.5681818181818182
Press TV,80,-0.6121875,61.25000000000001,0.0
France24,155,-0.486916129032258,52.25806451612903,2.5806451612903225
BBC World,77,-0.36346753246753244,37.66233766233766,1.2987012987012987
TASS,244,-0.3331516393442623,40.57377049180328,7.377049180327869
Xinhua,20,-0.04995,20.0,15.0
