sentiment,count,avg_score
negativo,457,-0.9971947483588622
neutral,375,0.0
positivo,36,0.9898611111111111
