source,total,avg_score,negativity_pct,positivity_pct
Arab News,10,-0.8994,90.0,0.0
Times of Israel,136,-0.6909264705882352,71.32352941176471,2.2058823529411766
Middle East Eye,207,-0.656536231884058,66.18357487922705,0.4830917874396135
Al Jazeera,179,-0.6011899441340782,61.452513966480446,1.1173184357541899
France24,153,-0.555359477124183,60.78431372549019,5.228758169934641
Press TV,78,-0.512525641025641,53.84615384615385,2.564102564102564
BBC World,82,-0.49970731707317073,50.0,0.0
TASS,342,-0.3107456140350877,38.59649122807017,7.309941520467836
Xinhua,20,-0.04995,20.0,15.0
