sentiment,count,avg_score
negativo,340,-0.9964382352941176
neutral,266,0.0
positivo,28,0.9872142857142857
