source,total,avg_score,negativity_pct,positivity_pct
Times of Israel,56,-0.6247321428571428,64.28571428571429,1.7857142857142856
Al Jazeera,70,-0.6234428571428571,65.71428571428571,2.857142857142857
France24,55,-0.6179272727272727,67.27272727272727,5.454545454545454
Middle East Eye,85,-0.6113294117647059,61.1764705882353,0.0
BBC World,43,-0.4958139534883721,51.162790697674424,2.3255813953488373
Press TV,34,-0.4408529411764706,47.05882352941176,2.941176470588235
TASS,142,-0.3213732394366197,38.028169014084504,5.633802816901409
Xinhua,20,-0.04995,20.0,15.0
