source,total,avg_score,negativity_pct,positivity_pct
France24,40,-0.6997,70.0,0.0
Al Jazeera,33,-0.6864848484848485,72.72727272727273,3.0303030303030303
Middle East Eye,50,-0.61964,62.0,0.0
Times of Israel,30,-0.5664666666666667,56.666666666666664,0.0
BBC World,28,-0.476,50.0,3.571428571428571
TASS,95,-0.3471368421052632,40.0,5.263157894736842
Press TV,23,-0.26065217391304346,30.434782608695656,4.3478260869565215
Xinhua,20,-0.04995,20.0,15.0
