sentiment,count,avg_score
negativo,263,-0.9981178707224334
neutral,214,0.0
positivo,19,0.9816315789473684
