source,total,avg_score,negativity_pct,positivity_pct
Arab News,10,-0.8994,90.0,0.0
Times of Israel,120,-0.63305,65.83333333333333,2.5
Middle East Eye,172,-0.6274476744186047,62.7906976744186,0.0
France24,145,-0.5859655172413794,62.758620689655174,4.137931034482759
Al Jazeera,155,-0.5824774193548388,60.0,1.2903225806451613
BBC World,82,-0.4915609756097561,50.0,1.2195121951219512
Press TV,70,-0.4282714285714286,47.14285714285714,4.285714285714286
TASS,325,-0.33005538461538464,39.69230769230769,6.461538461538462
Xinhua,20,-0.04995,20.0,15.0
