source,total,avg_score,negativity_pct,positivity_pct
Al Jazeera,61,-0.682672131147541,72.1311475409836,3.278688524590164
Times of Israel,49,-0.6323469387755102,63.26530612244898,0.0
France24,53,-0.622377358490566,67.9245283018868,5.660377358490567
Middle East Eye,73,-0.6023424657534246,60.273972602739725,0.0
BBC World,41,-0.49563414634146347,51.21951219512195,2.4390243902439024
Press TV,34,-0.4408529411764706,47.05882352941176,2.941176470588235
TASS,134,-0.3057462686567164,36.56716417910448,5.970149253731343
Xinhua,20,-0.04995,20.0,15.0
