sentiment,count,avg_score
negativo,616,-0.995284090909091
neutral,451,0.0
positivo,38,0.9990789473684212
