source,total,avg_score,negativity_pct,positivity_pct
Arab News,10,-0.8994,90.0,0.0
Times of Israel,125,-0.6970879999999999,71.2,0.8
Middle East Eye,192,-0.6402239583333333,66.14583333333334,2.083333333333333
Press TV,81,-0.6169753086419754,61.72839506172839,0.0
Al Jazeera,176,-0.6095113636363636,61.93181818181818,0.5681818181818182
France24,161,-0.47704347826086957,52.17391304347826,3.7267080745341614
BBC World,80,-0.362325,37.5,1.25
TASS,255,-0.3096392156862745,38.43137254901961,7.8431372549019605
Xinhua,20,-0.04995,20.0,15.0
