sentiment,count,avg_score
negativo,568,-0.9970545774647888
neutral,463,0.0
positivo,38,0.9903421052631579
