source,total,avg_score,negativity_pct,positivity_pct
Middle East Eye,102,-0.6367941176470588,63.725490196078425,0.0
Al Jazeera,88,-0.6322159090909091,65.9090909090909,2.272727272727273
France24,75,-0.6264,69.33333333333334,6.666666666666667
Times of Israel,70,-0.5997285714285715,62.857142857142854,2.857142857142857
BBC World,59,-0.5307457627118644,54.23728813559322,1.694915254237288
Press TV,41,-0.4143170731707317,48.78048780487805,7.317073170731707
TASS,195,-0.3194410256410256,38.46153846153847,6.153846153846154
Xinhua,20,-0.04995,20.0,15.0
