sentiment,count,avg_score
negativo,724,-0.9924033149171271
neutral,558,0.0
positivo,61,0.9609016393442623
