sentiment,count,avg_score
negativo,618,-0.9952864077669903
neutral,465,0.0
positivo,38,0.9990789473684212
