source,total,avg_score,negativity_pct,positivity_pct
France24,29,-0.7927241379310345,79.3103448275862,0.0
Middle East Eye,33,-0.6965454545454546,69.6969696969697,0.0
Al Jazeera,25,-0.62628,68.0,4.0
Times of Israel,23,-0.5215217391304349,52.17391304347826,0.0
BBC World,26,-0.43573076923076925,46.15384615384615,3.8461538461538463
TASS,59,-0.355728813559322,42.3728813559322,6.779661016949152
Press TV,22,-0.22709090909090912,27.27272727272727,4.545454545454546
Xinhua,20,-0.04995,20.0,15.0
