source,total,avg_score,negativity_pct,positivity_pct
Arab News,10,-0.8994,90.0,0.0
Middle East Eye,170,-0.634829411764706,63.52941176470588,0.0
Times of Israel,120,-0.63305,65.83333333333333,2.5
France24,145,-0.5859655172413794,62.758620689655174,4.137931034482759
Al Jazeera,153,-0.583562091503268,60.130718954248366,1.3071895424836601
BBC World,82,-0.4915609756097561,50.0,1.2195121951219512
Press TV,70,-0.4282714285714286,47.14285714285714,4.285714285714286
TASS,324,-0.3341574074074074,39.81481481481482,6.172839506172839
Xinhua,20,-0.04995,20.0,15.0
