source,total,avg_score,negativity_pct,positivity_pct
Arab News,10,-0.8994,90.0,0.0
Times of Israel,140,-0.7181642857142858,74.28571428571429,1.4285714285714286
Press TV,84,-0.67825,67.85714285714286,0.0
Al Jazeera,226,-0.5958849557522123,61.504424778761056,1.7699115044247788
Middle East Eye,228,-0.582938596491228,61.40350877192983,3.070175438596491
France24,199,-0.40338190954773867,47.23618090452261,6.030150753768844
BBC World,92,-0.3476521739130435,39.130434782608695,4.3478260869565215
TASS,344,-0.29052906976744186,38.662790697674424,9.883720930232558
Xinhua,20,-0.04995,20.0,15.0
