sentiment,count,avg_score
negativo,668,-0.9974311377245508
neutral,514,0.0
positivo,43,0.9913488372093023
