source,total,avg_score,negativity_pct,positivity_pct
Times of Israel,64,-0.64034375,67.1875,3.125
Al Jazeera,75,-0.6351866666666667,66.66666666666666,2.666666666666667
Middle East Eye,94,-0.6272021276595745,62.76595744680851,0.0
France24,60,-0.6164166666666666,66.66666666666666,5.0
BBC World,49,-0.5166938775510205,53.06122448979592,2.0408163265306123
Press TV,36,-0.3608611111111111,44.44444444444444,8.333333333333332
TASS,149,-0.3196912751677852,37.58389261744966,5.369127516778524
Xinhua,20,-0.04995,20.0,15.0
