sentiment,count,avg_score
negativo,491,-0.9966680244399185
neutral,407,0.0
positivo,36,0.9898611111111111
