source,total,avg_score,negativity_pct,positivity_pct
Al Jazeera,81,-0.6375061728395062,66.66666666666666,2.4691358024691357
Middle East Eye,98,-0.6321938775510204,63.26530612244898,0.0
Times of Israel,66,-0.6209393939393939,65.15151515151516,3.0303030303030303
France24,70,-0.6140285714285714,68.57142857142857,7.142857142857142
BBC World,52,-0.5445384615384615,55.769230769230774,1.9230769230769231
Press TV,38,-0.39444736842105266,47.368421052631575,7.894736842105263
TASS,172,-0.31761627906976747,37.7906976744186,5.813953488372093
Xinhua,20,-0.04995,20.0,15.0
