sentiment,count,avg_score
negativo,702,-0.997537037037037
neutral,536,0.0
positivo,44,0.9915227272727273
