sentiment,count,avg_score
negativo,599,-0.9944674457429049
neutral,460,0.0
positivo,35,0.9800571428571428
