source,total,avg_score,negativity_pct,positivity_pct
Arab News,10,-0.8994,90.0,0.0
Times of Israel,127,-0.7208661417322835,74.01574803149606,0.7874015748031495
Press TV,82,-0.6581951219512195,65.85365853658537,0.0
Middle East Eye,219,-0.6343059360730594,65.75342465753424,2.28310502283105
Al Jazeera,187,-0.6146149732620321,62.56684491978609,1.06951871657754
France24,165,-0.4654787878787879,51.515151515151516,4.242424242424243
BBC World,85,-0.3174941176470588,34.11764705882353,2.3529411764705883
TASS,256,-0.31103515625,39.453125,8.59375
Xinhua,20,-0.04995,20.0,15.0
