sentiment,count,avg_score
negativo,496,-0.9966935483870968
neutral,416,0.0
positivo,37,0.9901081081081081
