source,total,avg_score,negativity_pct,positivity_pct
Arab News,10,-0.8994,90.0,0.0
Times of Israel,109,-0.6235779816513761,65.13761467889908,2.7522935779816518
Middle East Eye,152,-0.6114013157894738,61.18421052631579,0.0
Al Jazeera,143,-0.5824335664335664,60.13986013986013,1.3986013986013985
France24,132,-0.5754924242424243,61.36363636363637,3.787878787878788
BBC World,79,-0.5102278481012659,51.89873417721519,1.2658227848101267
Press TV,63,-0.36482539682539683,41.269841269841265,4.761904761904762
TASS,313,-0.3235463258785942,38.977635782747605,6.3897763578274756
Xinhua,20,-0.04995,20.0,15.0
