sentiment,count,avg_score
negativo,718,-0.9923467966573816
neutral,554,0.0
positivo,62,0.961516129032258
