source,total,avg_score,negativity_pct,positivity_pct
Arab News,10,-0.8994,90.0,0.0
Times of Israel,137,-0.7193357664233577,74.45255474452554,1.4598540145985401
Press TV,82,-0.7069390243902439,70.73170731707317,0.0
Al Jazeera,204,-0.6258627450980392,64.2156862745098,1.4705882352941175
Middle East Eye,236,-0.614,63.983050847457626,2.5423728813559325
France24,176,-0.4444034090909091,50.56818181818182,5.113636363636364
TASS,289,-0.32622837370242214,40.484429065743946,7.958477508650519
BBC World,88,-0.2839659090909091,32.95454545454545,4.545454545454546
Xinhua,20,-0.04995,20.0,15.0
