sentiment,count,avg_score
negativo,257,-0.9980894941634242
neutral,211,0.0
positivo,18,0.9806666666666667
