sentiment,count,avg_score
negativo,722,-0.9923739612188366
neutral,565,0.0
positivo,62,0.961516129032258
