source,total,avg_score,negativity_pct,positivity_pct
Arab News,10,-0.8994,90.0,0.0
Times of Israel,126,-0.6994920634920635,71.42857142857143,0.7936507936507936
Middle East Eye,192,-0.6402239583333333,66.14583333333334,2.083333333333333
Al Jazeera,175,-0.613,62.28571428571429,0.5714285714285714
Press TV,80,-0.6121875,61.25000000000001,0.0
France24,158,-0.483993670886076,52.53164556962025,3.1645569620253164
BBC World,79,-0.3669113924050633,37.9746835443038,1.2658227848101267
TASS,254,-0.3095472440944882,38.582677165354326,7.874015748031496
Xinhua,20,-0.04995,20.0,15.0
