sentiment,count,avg_score
negativo,469,-0.9972494669509594
neutral,382,0.0
positivo,36,0.9898611111111111
