sentiment,count,avg_score
negativo,488,-0.9966516393442623
neutral,405,0.0
positivo,36,0.9898611111111111
