sentiment,count,avg_score
negativo,726,-0.9924159779614325
neutral,565,0.0
positivo,62,0.961516129032258
