source,total,avg_score,negativity_pct,positivity_pct
France24,64,-0.640359375,68.75,4.6875
Al Jazeera,81,-0.6375061728395062,66.66666666666666,2.4691358024691357
Middle East Eye,97,-0.6284123711340206,62.88659793814433,0.0
Times of Israel,66,-0.6209393939393939,65.15151515151516,3.0303030303030303
BBC World,52,-0.5445384615384615,55.769230769230774,1.9230769230769231
Press TV,37,-0.37810810810810813,45.94594594594595,8.108108108108109
TASS,172,-0.31761627906976747,37.7906976744186,5.813953488372093
Xinhua,20,-0.04995,20.0,15.0
