sentiment,count,avg_score
negativo,596,-0.9938741610738255
neutral,461,0.0
positivo,37,0.9630540540540541
