source,total,avg_score,negativity_pct,positivity_pct
Arab News,10,-0.8994,90.0,0.0
Times of Israel,126,-0.707420634920635,72.22222222222221,0.7936507936507936
Middle East Eye,193,-0.6420880829015544,65.80310880829016,1.5544041450777202
Al Jazeera,176,-0.6151988636363637,62.5,0.5681818181818182
Press TV,80,-0.6121875,61.25000000000001,0.0
France24,157,-0.4934394904458599,52.86624203821656,2.547770700636943
BBC World,77,-0.36346753246753244,37.66233766233766,1.2987012987012987
TASS,253,-0.3107707509881423,38.73517786561265,7.905138339920949
Xinhua,20,-0.04995,20.0,15.0
