sentiment,count,avg_score
negativo,658,-0.997401215805471
neutral,508,0.0
positivo,41,0.9909756097560977
