source,total,avg_score,negativity_pct,positivity_pct
Times of Israel,80,-0.6372375,66.25,2.5
Al Jazeera,100,-0.6363,66.0,2.0
Middle East Eye,122,-0.6306803278688524,63.114754098360656,0.0
France24,99,-0.5755050505050505,62.62626262626263,5.05050505050505
BBC World,64,-0.5205,53.125,1.5625
Press TV,44,-0.38606818181818175,45.45454545454545,6.8181818181818175
TASS,259,-0.31383397683397685,38.22393822393823,6.563706563706563
Xinhua,20,-0.04995,20.0,15.0
