sentiment,count,avg_score
negativo,471,-0.9972611464968153
neutral,385,0.0
positivo,36,0.9898611111111111
