source,total,avg_score,negativity_pct,positivity_pct
Arab News,10,-0.8994,90.0,0.0
Times of Israel,122,-0.7354016393442623,74.59016393442623,0.819672131147541
Middle East Eye,190,-0.6732473684210526,67.89473684210526,0.5263157894736842
Al Jazeera,169,-0.5992899408284024,60.946745562130175,0.591715976331361
Press TV,81,-0.567604938271605,56.79012345679012,0.0
France24,153,-0.535718954248366,57.51633986928104,3.2679738562091507
BBC World,72,-0.40258333333333335,41.66666666666667,1.3888888888888888
TASS,287,-0.3226968641114983,40.069686411149824,7.665505226480835
Xinhua,20,-0.04995,20.0,15.0
