sentiment,count,avg_score
negativo,660,-0.9974075757575758
neutral,509,0.0
positivo,41,0.9909756097560977
