source,total,avg_score,negativity_pct,positivity_pct
Al Jazeera,56,-0.6900714285714286,73.21428571428571,3.571428571428571
France24,52,-0.6343461538461538,69.23076923076923,5.769230769230769
Middle East Eye,62,-0.612516129032258,61.29032258064516,0.0
Times of Israel,40,-0.599775,60.0,0.0
BBC World,35,-0.4664285714285714,48.57142857142857,2.857142857142857
Press TV,32,-0.43715625,46.875,3.125
TASS,127,-0.30685039370078737,37.00787401574803,6.299212598425196
Xinhua,20,-0.04995,20.0,15.0
