source,total,avg_score,negativity_pct,positivity_pct
Al Jazeera,40,-0.741225,77.5,2.5
France24,40,-0.6997,70.0,0.0
Middle East Eye,54,-0.6107407407407407,61.111111111111114,0.0
Times of Israel,34,-0.5586176470588234,55.88235294117647,0.0
BBC World,28,-0.476,50.0,3.571428571428571
TASS,117,-0.29892307692307696,35.8974358974359,5.982905982905983
Press TV,24,-0.29141666666666666,33.33333333333333,4.166666666666666
Xinhua,20,-0.04995,20.0,15.0
