sentiment,count,avg_score
negativo,677,-0.9974593796159527
neutral,520,0.0
positivo,43,0.9913488372093023
