source,total,avg_score,negativity_pct,positivity_pct
Times of Israel,127,-0.6992204724409449,71.65354330708661,0.7874015748031495
Press TV,83,-0.6623132530120482,66.26506024096386,0.0
Middle East Eye,188,-0.6432234042553192,66.48936170212765,2.127659574468085
Al Jazeera,175,-0.6129771428571429,62.28571428571429,0.5714285714285714
France24,158,-0.4797784810126583,52.53164556962025,3.79746835443038
BBC World,86,-0.34865116279069763,36.04651162790697,1.1627906976744187
TASS,256,-0.30452734375,38.28125,8.203125
Xinhua,20,-0.04995,20.0,15.0
