source,total,avg_score,negativity_pct,positivity_pct
Arab News,10,-0.8994,90.0,0.0
Times of Israel,143,-0.724062937062937,74.82517482517483,1.3986013986013985
Press TV,86,-0.6857093023255815,68.6046511627907,0.0
Al Jazeera,228,-0.5950350877192983,61.40350877192983,1.7543859649122806
Middle East Eye,232,-0.5771939655172413,60.775862068965516,3.0172413793103448
France24,196,-0.4075204081632653,47.44897959183674,5.612244897959184
BBC World,93,-0.34391397849462363,38.70967741935484,4.301075268817205
TASS,341,-0.3018768328445748,39.002932551319645,9.090909090909092
Xinhua,20,-0.04995,20.0,15.0
