sentiment,count,avg_score
negativo,607,-0.9952240527182866
neutral,452,0.0
positivo,38,0.9990789473684212
