source,total,avg_score,negativity_pct,positivity_pct
Arab News,10,-0.8994,90.0,0.0
Times of Israel,131,-0.7217709923664123,74.04580152671755,0.7633587786259541
Press TV,82,-0.6703902439024391,67.07317073170732,0.0
Middle East Eye,227,-0.6383612334801761,66.07929515418502,2.2026431718061676
Al Jazeera,193,-0.6304611398963731,64.24870466321244,1.0362694300518136
France24,168,-0.46905952380952387,51.78571428571429,4.166666666666666
BBC World,85,-0.30574117647058824,34.11764705882353,3.5294117647058822
TASS,264,-0.3041287878787879,39.015151515151516,8.712121212121213
Xinhua,20,-0.04995,20.0,15.0
