source,total,avg_score,negativity_pct,positivity_pct
Al Jazeera,80,-0.632975,66.25,2.5
France24,62,-0.6287903225806452,67.74193548387096,4.838709677419355
Times of Israel,66,-0.6209393939393939,65.15151515151516,3.0303030303030303
Middle East Eye,95,-0.6206,62.10526315789474,0.0
BBC World,50,-0.52636,54.0,2.0
Press TV,36,-0.3608611111111111,44.44444444444444,8.333333333333332
TASS,165,-0.32503030303030306,38.18181818181819,5.454545454545454
Xinhua,20,-0.04995,20.0,15.0
