sentiment,count,avg_score
negativo,700,-0.9975314285714286
neutral,535,0.0
positivo,44,0.9915227272727273
