sentiment,count,avg_score
negativo,596,-0.9938758389261745
neutral,460,0.0
positivo,37,0.9630540540540541
