source,total,avg_score,negativity_pct,positivity_pct
Arab News,10,-0.8994,90.0,0.0
Times of Israel,108,-0.6201018518518518,64.81481481481481,2.7777777777777777
Middle East Eye,151,-0.6088278145695365,60.9271523178808,0.0
Al Jazeera,141,-0.5836028368794326,60.28368794326241,1.4184397163120568
France24,132,-0.5754924242424243,61.36363636363637,3.787878787878788
BBC World,79,-0.5102278481012659,51.89873417721519,1.2658227848101267
Press TV,63,-0.36482539682539683,41.269841269841265,4.761904761904762
TASS,311,-0.3191993569131833,38.58520900321543,6.430868167202572
Xinhua,20,-0.04995,20.0,15.0
