sentiment,count,avg_score
negativo,510,-0.9967725490196078
neutral,438,0.0
positivo,37,0.9901081081081081
