source,total,avg_score,negativity_pct,positivity_pct
Middle East Eye,105,-0.6471523809523809,64.76190476190476,0.0
Al Jazeera,90,-0.6292777777777777,65.55555555555556,2.2222222222222223
France24,81,-0.6170246913580247,67.90123456790124,6.172839506172839
Times of Israel,72,-0.6108472222222222,63.888888888888886,2.7777777777777777
BBC World,59,-0.5307457627118644,54.23728813559322,1.694915254237288
Press TV,41,-0.4143170731707317,48.78048780487805,7.317073170731707
TASS,217,-0.3331059907834102,39.1705069124424,5.529953917050691
Xinhua,20,-0.04995,20.0,15.0
