sentiment,count,avg_score
negativo,220,-0.9978772727272727
neutral,184,0.0
positivo,18,0.9806666666666667
