source,total,avg_score,negativity_pct,positivity_pct
Al Jazeera,51,-0.6597647058823529,70.58823529411765,3.9215686274509802
France24,50,-0.61974,68.0,6.0
Middle East Eye,60,-0.6162833333333333,61.66666666666667,0.0
Times of Israel,38,-0.5787368421052632,57.89473684210527,0.0
BBC World,29,-0.4595862068965517,48.275862068965516,3.4482758620689653
Press TV,30,-0.433,46.666666666666664,3.3333333333333335
TASS,124,-0.2900967741935484,35.483870967741936,6.451612903225806
Xinhua,20,-0.04995,20.0,15.0
