source,total,avg_score,negativity_pct,positivity_pct
Arab News,10,-0.8994,90.0,0.0
Times of Israel,126,-0.72,74.60317460317461,2.380952380952381
Middle East Eye,185,-0.6914270270270271,69.72972972972973,0.5405405405405406
Al Jazeera,171,-0.5747602339181287,58.47953216374269,0.5847953216374269
France24,147,-0.53721768707483,57.82312925170068,3.4013605442176873
Press TV,77,-0.5062597402597403,53.246753246753244,2.5974025974025974
BBC World,71,-0.43640845070422535,45.07042253521127,1.4084507042253522
TASS,290,-0.3113344827586207,38.96551724137931,7.586206896551724
Xinhua,20,-0.04995,20.0,15.0
