source,total,avg_score,negativity_pct,positivity_pct
Arab News,10,-0.8994,90.0,0.0
Times of Israel,142,-0.7221267605633803,74.64788732394366,1.4084507042253522
Press TV,84,-0.67825,67.85714285714286,0.0
Al Jazeera,227,-0.597660792951542,61.67400881057269,1.762114537444934
Middle East Eye,230,-0.5865608695652174,61.73913043478261,3.0434782608695654
France24,200,-0.406365,47.5,6.0
BBC World,92,-0.3476521739130435,39.130434782608695,4.3478260869565215
TASS,347,-0.2908962536023055,38.61671469740634,9.798270893371757
Xinhua,20,-0.04995,20.0,15.0
