source,total,avg_score,negativity_pct,positivity_pct
France24,35,-0.7425428571428572,74.28571428571429,0.0
Middle East Eye,42,-0.6900952380952381,69.04761904761905,0.0
Al Jazeera,30,-0.6885,73.33333333333333,3.3333333333333335
Times of Israel,26,-0.5767307692307693,57.692307692307686,0.0
BBC World,27,-0.45662962962962966,48.148148148148145,3.7037037037037033
TASS,81,-0.3331358024691358,39.50617283950617,6.172839506172839
Press TV,23,-0.26065217391304346,30.434782608695656,4.3478260869565215
Xinhua,20,-0.04995,20.0,15.0
