source,total,avg_score,negativity_pct,positivity_pct
Arab News,10,-0.8994,90.0,0.0
Times of Israel,143,-0.724062937062937,74.82517482517483,1.3986013986013985
Press TV,86,-0.6857093023255815,68.6046511627907,0.0
Al Jazeera,226,-0.5958805309734514,61.504424778761056,1.7699115044247788
Middle East Eye,233,-0.5790042918454935,60.94420600858369,3.004291845493562
France24,198,-0.4135050505050505,47.97979797979798,5.555555555555555
BBC World,93,-0.34391397849462363,38.70967741935484,4.301075268817205
TASS,344,-0.3050581395348837,39.24418604651162,9.011627906976743
Xinhua,20,-0.04995,20.0,15.0
