sentiment,count,avg_score
negativo,439,-0.9971047835990888
neutral,362,0.0
positivo,35,0.9895714285714285
