sentiment,count,avg_score
negativo,712,-0.9922865168539327
neutral,543,0.0
positivo,62,0.961516129032258
