source,total,avg_score,negativity_pct,positivity_pct
Arab News,10,-0.8994,90.0,0.0
Times of Israel,99,-0.6158989898989898,64.64646464646465,3.0303030303030303
Middle East Eye,147,-0.6049931972789115,60.544217687074834,0.0
Al Jazeera,128,-0.603828125,62.5,1.5625
France24,112,-0.5800803571428571,62.5,4.464285714285714
BBC World,73,-0.5247808219178082,53.42465753424658,1.36986301369863
Press TV,53,-0.35824528301886793,41.509433962264154,5.660377358490567
TASS,292,-0.3228527397260274,39.04109589041096,6.506849315068493
Xinhua,20,-0.04995,20.0,15.0
