source,total,avg_score,negativity_pct,positivity_pct
Arab News,10,-0.8994,90.0,0.0
Times of Israel,126,-0.7358650793650793,75.39682539682539,1.5873015873015872
Middle East Eye,188,-0.6963404255319149,70.2127659574468,0.5319148936170213
Al Jazeera,168,-0.5790773809523809,58.92857142857143,0.5952380952380952
France24,149,-0.5434093959731544,58.38926174496645,3.3557046979865772
Press TV,77,-0.5062597402597403,53.246753246753244,2.5974025974025974
BBC World,74,-0.44572972972972974,45.94594594594595,1.3513513513513513
TASS,293,-0.3115597269624574,39.249146757679185,7.849829351535837
Xinhua,20,-0.04995,20.0,15.0
