source,total,avg_score,negativity_pct,positivity_pct
Arab News,10,-0.8994,90.0,0.0
Times of Israel,90,-0.6219555555555556,65.55555555555556,3.3333333333333335
Al Jazeera,124,-0.6179354838709677,63.70967741935484,1.6129032258064515
Middle East Eye,144,-0.6037222222222223,60.416666666666664,0.0
France24,110,-0.5815363636363636,62.727272727272734,4.545454545454546
BBC World,70,-0.5187142857142858,52.85714285714286,1.4285714285714286
Press TV,52,-0.36513461538461545,42.30769230769231,5.769230769230769
TASS,284,-0.3178732394366197,38.732394366197184,6.690140845070422
Xinhua,20,-0.04995,20.0,15.0
