sentiment,count,avg_score
negativo,281,-0.9970071174377224
neutral,226,0.0
positivo,20,0.9824999999999999
