source,total,avg_score,negativity_pct,positivity_pct
Arab News,10,-0.8994,90.0,0.0
Times of Israel,122,-0.7272131147540983,73.77049180327869,0.819672131147541
Middle East Eye,193,-0.6627927461139896,66.83937823834198,0.5181347150259068
Al Jazeera,172,-0.600453488372093,61.04651162790697,0.5813953488372093
Press TV,81,-0.555283950617284,55.55555555555556,0.0
France24,155,-0.5288258064516129,55.483870967741936,1.935483870967742
BBC World,77,-0.38942857142857146,40.25974025974026,1.2987012987012987
TASS,283,-0.3213745583038869,39.57597173144876,7.420494699646643
Xinhua,20,-0.04995,20.0,15.0
