source,total,avg_score,negativity_pct,positivity_pct
Arab News,10,-0.8994,90.0,0.0
Times of Israel,138,-0.6881449275362319,71.01449275362319,2.1739130434782608
Middle East Eye,208,-0.6581874999999999,66.34615384615384,0.4807692307692308
Al Jazeera,177,-0.6023333333333333,61.5819209039548,1.1299435028248588
France24,153,-0.555359477124183,60.78431372549019,5.228758169934641
Press TV,69,-0.535927536231884,56.52173913043478,2.898550724637681
BBC World,81,-0.49353086419753084,49.382716049382715,0.0
TASS,337,-0.3094213649851632,38.27893175074184,7.121661721068249
