sentiment,count,avg_score
negativo,598,-0.9938929765886287
neutral,463,0.0
positivo,37,0.9630540540540541
