source,total,avg_score,negativity_pct,positivity_pct
Al Jazeera,60,-0.6773833333333333,71.66666666666667,3.3333333333333335
Times of Israel,49,-0.6323469387755102,63.26530612244898,0.0
France24,53,-0.622377358490566,67.9245283018868,5.660377358490567
Middle East Eye,72,-0.6107083333333333,61.111111111111114,0.0
BBC World,40,-0.48305,50.0,2.5
Press TV,34,-0.4408529411764706,47.05882352941176,2.941176470588235
TASS,133,-0.3080451127819549,36.84210526315789,6.015037593984962
Xinhua,20,-0.04995,20.0,15.0
