source,total,avg_score,negativity_pct,positivity_pct
Times of Israel,127,-0.7070866141732284,72.44094488188976,0.7874015748031495
Press TV,83,-0.662301204819277,66.26506024096386,0.0
Middle East Eye,190,-0.6469684210526316,66.84210526315789,2.1052631578947367
Al Jazeera,175,-0.6186914285714286,62.857142857142854,0.5714285714285714
France24,163,-0.47732515337423315,52.14723926380368,3.6809815950920246
BBC World,84,-0.35696428571428573,36.904761904761905,1.1904761904761905
TASS,256,-0.3084296875,38.671875,8.203125
Xinhua,20,-0.04995,20.0,15.0
