source,total,avg_score,negativity_pct,positivity_pct
Arab News,10,-0.8994,90.0,0.0
Times of Israel,125,-0.7163999999999999,73.6,0.8
Press TV,85,-0.6584705882352941,65.88235294117646,0.0
Middle East Eye,210,-0.6281761904761904,65.23809523809524,2.380952380952381
Al Jazeera,183,-0.6116666666666667,62.295081967213115,1.092896174863388
France24,165,-0.4775939393939394,52.72727272727272,4.242424242424243
BBC World,83,-0.33718072289156625,34.93975903614458,1.2048192771084338
TASS,254,-0.30955118110236224,39.37007874015748,8.661417322834646
Xinhua,20,-0.04995,20.0,15.0
