sentiment,count,avg_score
negativo,652,-0.9974064417177914
neutral,481,0.0
positivo,42,0.9990952380952381
