source,total,avg_score,negativity_pct,positivity_pct
Arab News,10,-0.8994,90.0,0.0
Times of Israel,136,-0.7184779411764706,74.26470588235294,2.2058823529411766
Middle East Eye,191,-0.6853821989528796,69.10994764397905,0.5235602094240838
Al Jazeera,177,-0.5853954802259886,59.887005649717516,1.1299435028248588
Press TV,81,-0.555283950617284,58.0246913580247,2.4691358024691357
France24,146,-0.5408904109589041,60.273972602739725,5.47945205479452
BBC World,82,-0.45095121951219513,46.34146341463415,1.2195121951219512
TASS,259,-0.3293011583011583,40.54054054054054,7.335907335907336
Xinhua,20,-0.04995,20.0,15.0
