source,total,avg_score,negativity_pct,positivity_pct
Times of Israel,87,-0.6319195402298851,66.66666666666666,3.4482758620689653
Al Jazeera,114,-0.6283070175438596,64.91228070175438,1.7543859649122806
Middle East Eye,138,-0.6154855072463767,61.59420289855072,0.0
France24,109,-0.5868715596330275,63.30275229357798,4.587155963302752
BBC World,65,-0.527876923076923,53.84615384615385,1.5384615384615385
Press TV,48,-0.3747291666666667,43.75,6.25
TASS,280,-0.315275,38.57142857142858,6.785714285714286
Xinhua,20,-0.04995,20.0,15.0
