source,total,avg_score,negativity_pct,positivity_pct
Arab News,10,-0.8994,90.0,0.0
Times of Israel,129,-0.6586356589147286,68.21705426356588,2.3255813953488373
Middle East Eye,203,-0.649807881773399,65.02463054187191,0.0
Al Jazeera,171,-0.6098187134502924,62.57309941520468,1.1695906432748537
France24,151,-0.60241059602649,64.23841059602648,3.9735099337748347
BBC World,94,-0.47132978723404256,47.87234042553192,1.0638297872340425
Press TV,78,-0.44842307692307687,48.717948717948715,3.8461538461538463
TASS,344,-0.32345348837209303,39.24418604651162,6.686046511627906
Xinhua,20,-0.04995,20.0,15.0
