source,total,avg_score,negativity_pct,positivity_pct
Times of Israel,127,-0.6992125984251968,71.65354330708661,0.7874015748031495
Press TV,82,-0.6703780487804878,67.07317073170732,0.0
Middle East Eye,196,-0.6526581632653061,67.3469387755102,2.0408163265306123
Al Jazeera,177,-0.6154632768361582,62.71186440677966,1.1299435028248588
France24,162,-0.48026543209876543,52.46913580246913,3.7037037037037033
BBC World,83,-0.33718072289156625,34.93975903614458,1.2048192771084338
TASS,254,-0.3069251968503937,38.582677165354326,8.267716535433072
Xinhua,20,-0.04995,20.0,15.0
