sentiment,count,avg_score
negativo,639,-0.996830985915493
neutral,460,0.0
positivo,41,0.9990975609756098
