source,total,avg_score,negativity_pct,positivity_pct
Arab News,10,-0.8994,90.0,0.0
Times of Israel,140,-0.7122285714285714,73.57142857142858,2.142857142857143
Middle East Eye,193,-0.6834507772020726,68.9119170984456,0.5181347150259068
Al Jazeera,183,-0.5989617486338797,61.20218579234973,1.092896174863388
Press TV,82,-0.5606951219512195,58.536585365853654,2.4390243902439024
France24,144,-0.5437777777777778,60.416666666666664,5.555555555555555
BBC World,79,-0.46807594936708863,48.10126582278481,1.2658227848101267
TASS,280,-0.31173214285714285,38.92857142857143,7.5
Xinhua,20,-0.04995,20.0,15.0
