sentiment,count,avg_score
negativo,610,-0.9963377049180328
neutral,471,0.0
positivo,31,0.9990967741935485
