sentiment,count,avg_score
negativo,664,-0.9928042168674699
neutral,482,0.0
positivo,45,0.9620666666666666
