source,total,avg_score,negativity_pct,positivity_pct
Al Jazeera,59,-0.688864406779661,72.88135593220339,3.389830508474576
France24,52,-0.6343461538461538,69.23076923076923,5.769230769230769
Times of Israel,42,-0.6187857142857143,61.904761904761905,0.0
Middle East Eye,63,-0.6027936507936508,60.317460317460316,0.0
BBC World,38,-0.4821842105263158,50.0,2.631578947368421
Press TV,33,-0.42390909090909096,45.45454545454545,3.0303030303030303
TASS,130,-0.3151538461538461,37.69230769230769,6.153846153846154
Xinhua,20,-0.04995,20.0,15.0
