source,total,avg_score,negativity_pct,positivity_pct
Arab News,10,-0.8994,90.0,0.0
Times of Israel,88,-0.636090909090909,67.04545454545455,3.4090909090909087
Al Jazeera,121,-0.625,64.46280991735537,1.6528925619834711
Middle East Eye,142,-0.6051830985915494,60.56338028169014,0.0
France24,110,-0.5815363636363636,62.727272727272734,4.545454545454546
BBC World,65,-0.527876923076923,53.84615384615385,1.5384615384615385
Press TV,50,-0.35974000000000006,42.0,6.0
TASS,281,-0.31415302491103203,38.43416370106761,6.761565836298933
Xinhua,20,-0.04995,20.0,15.0
